,genre,year,title,duration,certificate,rating,voting
0,Action,2024,1. Gladiator II,2h 28m,15,6.5,253000
1,Action,2024,2. Dune: Part Two,2h 46m,12A,8.5,643000
2,Action,2024,3. Twisters,2h 2m,12A,6.5,176000
3,Action,2024,4. Kraven the Hunter,2h 7m,15,5.5,63000
4,Action,2024,5. The Ministry of Ungentlemanly Warfare,2h 2m,15,6.8,139000
5,Action,2024,6. Deadpool & Wolverine,2h 8m,15,7.5,507000
6,Action,2024,7. The Unholy Trinity,1h 35m,15,6.1,511000
7,Action,2024,8. The Beekeeper,1h 45m,15,6.3,162000
8,Action,2024,9. Venom: The Last Dance,1h 50m,15,6.0,130000
9,Action,2024,10. Civil War,1h 49m,15,7.0,244000
10,Action,2024,11. Sonic the Hedgehog 3,1h 50m,PG,6.9,65000
11,Action,2024,12. Furiosa: A Mad Max Saga,2h 28m,15,7.5,292000
12,Action,2024,13. Fight or Flight,1h 42m,15,6.4,14000
13,Action,2024,14. Carry-On,1h 59m,12,6.5,172000
14,Action,2024,15. The Fall Guy,2h 6m,12A,6.8,227000
15,Action,2024,16. Land of Bad,1h 53m,15,6.6,53000
16,Action,2024,17. The Count of Monte-Cristo,2h 58m,12A,7.6,37000
17,Action,2024,18. Rebel Ridge,2h 11m,15,6.8,91000
18,Action,2024,19. Road House,2h 1m,15,6.2,171000
19,Action,2024,20. Freaky Tales,1h 47m,15,6.2,7300
20,Action,2024,21. William Tell,2h 14m,15,5.7,3100
21,Action,2024,22. Madame Web,1h 56m,12A,4.1,104000
22,Action,2024,23. Dirty Angels,1h 44m,15,4.4,4100
23,Action,2024,24. Absolution,1h 52m,R,5.2,8900
24,Action,2024,25. Borderlands,1h 41m,12A,4.7,51000
25,Action,2024,26. Damsel,1h 50m,12,6.1,111000
26,Action,2024,27. Transformers One,1h 44m,PG,7.6,54000
27,Action,2024,28. Argylle,2h 19m,12A,5.6,94000
28,Action,2024,29. Bad Boys: Ride or Die,1h 55m,15,6.5,103000
29,Action,2024,30. The Union,1h 47m,12,5.4,54000
30,Action,2024,31. Kingdom of the Planet of the Apes,2h 25m,12A,6.8,155000
31,Action,2024,32. Drive-Away Dolls,1h 24m,15,5.4,24000
32,Action,2024,33. 40 Acres,1h 53m,R,6.8,379000
33,Action,2024,34. Maharaja,2h 21m,15,8.4,70000
34,Action,2024,35. The Crow,1h 51m,18,4.7,37000
35,Action,2024,36. Monkey Man,2h 1m,18,6.8,94000
36,Action,2024,37. Godzilla x Kong: The New Empire,1h 55m,12A,6.0,124000
37,Action,2024,38. Thelma,1h 38m,12A,7.0,24000
38,Action,2024,39. Red One,2h 3m,12A,6.3,142000
39,Action,2024,40. Survive,1h 30m,15,4.6,3100
40,Action,2024,41. Homestead,1h 52m,PG-13,5.2,4200
41,Action,2024,42. Kung Fu Panda 4,1h 34m,PG,6.3,70000
42,Action,2024,43. The Lord of the Rings: The War of the Rohirrim,2h 14m,12A,6.3,33000
43,Action,2024,44. The Prosecutor,1h 57m,15,6.6,2700
44,Action,2024,45. Elevation,1h 31m,15,5.6,24000
45,Action,2024,46. The Instigators,1h 41m,15,6.2,39000
46,Action,2024,47. Old Guy,1h 34m,15,5.2,3100
47,Action,2024,48. The Killer,2h 6m,15,5.7,14000
48,Action,2024,49. The Killer's Game,1h 44m,15,5.8,18000
49,Action,2024,50. Beverly Hills Cop: Axel F,1h 58m,15,6.4,83000
50,Action,2024,51. Uglies,1h 40m,12,4.7,34000
51,Action,2024,52. Lift,1h 47m,12,5.5,50000
52,Action,2024,53. Attack on Titan the Movie: The Last Attack,2h 25m,15,9.2,18000
53,Action,2024,54. Arcadian,1h 32m,15,5.5,24000
54,Action,2024,55. Apocalypse Z: The Beginning of the End,1h 57m,15,6.1,21000
55,Action,2024,56. Kalki 2898-AD,3h,12A,7.0,68000
56,Action,2024,57. Blitz,2h,12A,6.2,17000
57,Action,2024,58. Cells at Work!,1h 49m,12,6.7,832000
58,Action,2024,59. Solo Leveling: ReAwakening,2h 1m,15,8.8,14000
59,Action,2024,60. Azrael,1h 26m,18,5.4,12000
60,Action,2024,61. Trigger Warning,1h 46m,15,4.6,20000
61,Action,2024,62. Red Right Hand,1h 51m,,5.5,6100
62,Action,2024,63. Pushpa: The Rule - Part 2,3h 21m,15,6.1,58000
63,Action,2024,64. Canary Black,1h 41m,15,5.4,12000
64,Action,2024,65. Hellboy: The Crooked Man,1h 39m,15,4.5,14000
65,Action,2024,66. The Shadow Strays,2h 24m,18,6.5,9700
66,Action,2024,67. Brothers,1h 29m,R,5.4,14000
67,Action,2024,68. Under Paris,1h 44m,15,5.2,37000
68,Action,2024,69. Atlas,1h 58m,12,5.6,57000
69,Action,2024,70. Jackpot!,1h 46m,15,5.8,31000
70,Action,2024,71. The Silent Hour,1h 39m,15,6.1,8300
71,Action,2024,72. Gunner,1h 46m,15,3.2,2900
72,Action,2024,73. The Fix,1h 38m,,4.7,1600
73,Action,2024,74. Rebel Moon - Part Two: The Scargiver,2h 2m,12A,5.3,60000
74,Action,2024,75. Fighter,2h 46m,15,6.2,53000
75,Action,2024,76. Take Cover,1h 30m,15,5.1,2800
76,Action,2024,77. Aftermath,1h 37m,15,5.1,4400
77,Action,2024,78. Twilight of the Warriors: Walled In,2h 6m,15,7.0,10000
78,Action,2024,79. Relay,1h 52m,R,7.4,131000
79,Action,2024,80. Descendants: The Rise of Red,1h 31m,PG,4.7,7300
80,Action,2024,81. Aavesham,2h 35m,15,7.8,29000
81,Action,2024,82. Marco,2h 25m,18,6.8,22000
82,Action,2024,83. 11 Rebels,2h 35m,15,6.3,686000
83,Action,2024,84. Utopia,1h 31m,15,3.6,417000
84,Action,2024,85. Devara Part 1,2h 56m,15,6.0,21000
85,Action,2024,86. Xiong shi shao nian 2,2h 14m,,7.5,373000
86,Action,2024,87. The Quiet Ones,1h 50m,,6.1,1100
87,Action,2024,88. Werewolves,1h 33m,R,4.4,7600
88,Action,2024,89. Armor,1h 29m,R,3.6,4600
89,Action,2024,90. Life After Fighting,2h 6m,15,6.4,2200
90,Action,2024,91. Karma,2h 47m,,7.9,1500
91,Action,2024,92. Chief of Station,1h 37m,15,4.7,4800
92,Action,2024,93. Classified,1h 45m,15,3.7,2800
93,Action,2024,94. Watchmen: Chapter I,1h 23m,15,7.1,7000
94,Action,2024,95. Weekend in Taipei,1h 40m,R,5.7,5400
95,Action,2024,96. Saripodhaa Sanivaaram,2h 46m,15,7.0,10000
96,Action,2024,97. Uprising,2h 6m,18,6.6,5900
97,Action,2024,98. Justice League: Crisis on Infinite Earths - Part One,1h 33m,PG,6.2,8800
98,Action,2024,99. Amaran,2h 47m,15,8.1,20000
99,Action,2024,100. The Roundup: Punishment,1h 49m,15,6.6,5700
100,Action,2024,101. Justice League: Crisis on Infinite Earths - Part Three,1h 34m,15,6.1,4800
101,Action,2024,102. Blood Star,1h 37m,15,6.4,6200
102,Action,2024,103. My Spy: The Eternal City,1h 52m,12,5.7,11000
103,Action,2024,104. Badland Hunters,1h 47m,18,5.9,13000
104,Action,2024,105. Black Creek,1h 56m,,9.2,75000
105,Action,2024,106. Dan Da Dan: First Encounter,1h 23m,15,8.2,2900
106,Action,2024,107. Toofan,2h 25m,15,7.3,8700
107,Action,2024,108. Boneyard,1h 36m,15,4.1,5200
108,Action,2024,109. Officer Black Belt,1h 48m,15,6.9,8700
109,Action,2024,110. Cloud,2h 4m,15,6.3,1600
110,Action,2024,111. Dominique,1h 40m,15,5.3,2400
111,Action,2024,112. No Way Up,1h 30m,15,4.6,11000
112,Action,2024,113. Pani,2h 23m,15,6.9,3300
113,Action,2024,114. Megamind vs. The Doom Syndicate,1h 23m,PG,2.5,5700
114,Action,2024,115. Alien: Rubicon,1h 26m,12,2.5,438000
115,Action,2024,116. The Family Star,2h 39m,,5.4,5600
116,Action,2024,117. Duchess,1h 54m,15,4.6,1600
117,Action,2024,118. Despatch,2h 33m,,4.4,4500
118,Action,2024,119. S.T.A.L.K.E.R.: Shadow of the Zone,1h 11m,Not Rated,4.8,628000
119,Action,2024,120. Panda Plan,1h 39m,15,5.1,1500
120,Action,2024,121. Night Call,1h 37m,15,6.8,2400
121,Action,2024,122. Justice League: Crisis on Infinite Earths - Part Two,1h 34m,15,5.5,5600
122,Action,2024,123. Trouble,1h 38m,15,6.2,7100
123,Action,2024,124. Baby John,2h 39m,15,5.1,17000
124,Action,2024,125. Wynonna Earp: Vengeance,1h 36m,TV-MA,5.5,1700
125,Action,2024,126. Harbin,1h 48m,,6.2,967000
126,Action,2024,127. Role Play,1h 40m,12,5.5,19000
127,Action,2024,128. Hounds of War,1h 35m,,4.5,2000
128,Action,2024,129. Damaged,1h 37m,15,4.7,7600
129,Action,2024,130. Vettaiyan,2h 43m,15,6.9,40000
130,Action,2024,131. Code 8: Part II,1h 40m,15,5.7,16000
131,Action,2024,132. Long Gone Heroes,1h 41m,15,5.1,1300
132,Action,2024,133. The Greatest of All Time,3h 3m,15,5.7,23000
133,Action,2024,134. Singham Again,2h 24m,15,4.6,75000
134,Action,2024,135. Ultraman: Rising,1h 57m,PG,6.9,6600
135,Action,2024,136. Cash Out,1h 32m,15,4.8,3100
136,Action,2024,137. Reapers,0h,,8.1,583000
137,Action,2024,138. Hunt the Wicked,1h 42m,,5.4,170000
138,Action,2024,139. Sasan,2h 35m,,8.7,86000
139,Action,2024,140. Watchmen: Chapter II,1h 30m,15,7.1,3400
140,Action,2024,141. Viduthalai Part 2,2h 50m,15,7.8,17000
141,Action,2024,142. Demon Slayer: Kimetsu No Yaiba - To the Hashira Training,1h 44m,15,7.2,8800
142,Action,2024,143. Levels,1h 33m,R,5.0,1600
143,Action,2024,144. Rats!,1h 25m,Unrated,6.5,190000
144,Action,2024,145. River of Blood,1h 26m,R,5.0,2000
145,Action,2024,146. My Hero Academia: You're Next,1h 50m,12A,7.0,2600
146,Action,2024,147. Elyas,1h 45m,,6.1,1600
147,Action,2024,148. Escape,1h 34m,,6.4,2200
148,Action,2024,149. Thangalaan,2h 36m,15,6.5,6800
149,Action,2024,150. Chandu Champion,2h 22m,12A,7.8,34000
150,Action,2024,151. Sikandar ka Muqaddar,2h 22m,12,5.9,25000
151,Action,2024,152. One More Shot,1h 43m,15,5.4,3800
152,Action,2024,153. Hagen,2h 19m,,6.0,1400
153,Action,2024,154. Overlord: The Sacred Kingdom,2h 15m,15,6.9,1400
154,Action,2024,155. Khadaan,2h 17m,,7.0,2200
155,Action,2024,156. Prey,1h 26m,15,3.7,3400
156,Action,2024,157. Escape from the 21st Century,1h 38m,,6.4,1000
157,Action,2024,158. Yolo,2h 9m,12A,6.9,3800
158,Action,2024,159. Uninvited,1h 33m,TV-MA,5.7,326000
159,Action,2024,160. Striking Rescue,1h 51m,15,5.6,688000
160,Action,2024,161. Bohurupi,2h 35m,,7.9,1700
161,Action,2024,162. The Clean Up Crew,1h 35m,15,4.2,1300
162,Action,2024,163. Bougainvillea,2h 18m,15,6.4,3400
163,Action,2024,164. Paradox Effect,1h 27m,,5.8,8800
164,Action,2024,165. Die Hart: Die Harter,1h 32m,15,4.3,5600
165,Action,2024,166. Raayan,2h 25m,15,6.5,11000
166,Action,2024,167. Bagheera,2h 38m,15,6.7,7500
167,Action,2024,168. Handsome Guys,1h 41m,,6.5,967000
168,Action,2024,169. One Fast Move,1h 48m,15,5.0,2300
169,Action,2024,170. The Price of Money: A Largo Winch Adventure,1h 40m,,5.1,1300
170,Action,2024,171. Kanguva,2h 32m,15,4.5,15000
171,Action,2024,172. Hijack 1971,1h 40m,15,6.8,3400
172,Action,2024,173. Kingdom 4: Return of the Great General,2h 25m,12,7.1,1400
173,Action,2024,174. Hitpig,1h 26m,PG,5.1,1100
174,Action,2024,175. The Thundermans Return,1h 10m,TV-G,5.0,1900
175,Action,2024,176. Yodha,2h 10m,12A,5.7,9000
176,Action,2024,177. Dark Match,1h 34m,Unrated,5.4,1100
177,Action,2024,178. Drive Back,1h 34m,Not Rated,4.5,637000
178,Action,2024,179. Raqa,1h 47m,Not Rated,5.6,303000
179,Action,2024,180. Devil's Knight,1h 30m,,5.3,963000
180,Action,2024,181. Bachhala Malli,2h 20m,15,8.2,3900
181,Action,2024,"182. I, the Executioner",1h 58m,,6.3,2000
182,Action,2024,183. Rifle Club,1h 53m,15,7.0,4600
183,Action,2024,184. A Legend,2h 9m,,4.7,1000
184,Action,2024,185. Outlaw,1h 22m,15,5.2,971000
185,Action,2024,186. The Last Front,1h 38m,15,5.5,636000
186,Action,2024,187. Hanu Man,2h 38m,,7.7,29000
187,Action,2024,188. Pins & Needles,0h,,6.5,19000
188,Action,2024,189. Bureau 749,2h 3m,,3.9,580000
189,Action,2024,190. Jigra,2h 33m,15,6.0,24000
190,Action,2024,191. Max,2h 12m,15,7.1,3500
191,Action,2024,192. Air Force One Down,1h 24m,18,4.4,3000
192,Action,2024,193. The Courier,1h 41m,15,6.0,4600
193,Action,2024,194. The Tiger's Apprentice,1h 24m,PG,5.8,2300
194,Action,2024,195. Troubleshooters,1h 50m,15,6.4,436000
195,Action,2024,196. Freedom,1h 50m,15,5.9,1400
196,Action,2024,197. Fight for Tomorrow,1h 41m,,6.6,11000
197,Action,2024,198. The Lockdown,1h 57m,R,4.4,628000
198,Action,2024,199. The Twisters,1h 26m,Not Rated,2.6,410000
199,Action,2024,200. UI,2h 15m,15,6.8,5800
200,Action,2024,201. Bade Miyan Chote Miyan,2h 43m,15,3.7,39000
201,Action,2024,202. Sorgavaasal,2h 18m,15,6.6,1400
202,Action,2024,203. Shark Warning,1h 34m,15,3.4,367000
203,Action,2024,204. A.R.M,2h 30m,,7.1,8900
204,Action,2024,205. All the Lost Ones,1h 46m,,3.7,271000
205,Action,2024,206. Vedaa,2h 25m,15,6.0,4500
206,Action,2024,207. Anaconda,1h 24m,,4.9,668000
207,Action,2024,208. Eagle,2h 39m,15,5.9,5000
208,Action,2024,209. Everybody Loves Jenifa,2h 15m,,8.3,97000
209,Action,2024,210. Kill Em All 2,1h 28m,15,4.1,1400
210,Action,2024,211. Get Fast,1h 28m,R,3.7,483000
211,Action,2024,212. Murder Company,1h 26m,,3.7,1600
212,Action,2024,213. City Hunter,1h 42m,TV-MA,6.3,5700
213,Action,2024,214. Baby Assassins: Nice Days,1h 43m,,7.2,347000
214,Action,2024,215. Bhaje Vaayu Vegam,2h 16m,,6.1,769000
215,Action,2024,216. Latency,1h 34m,PG-13,4.2,2900
216,Action,2024,217. Fighting the Fire,1h 55m,,8.5,1700
217,Action,2024,218. Savi,2h 6m,15,6.1,35000
218,Action,2024,219. Angels Fallen: Warriors of Peace,1h 43m,,4.9,6300
219,Action,2024,220. Gandhi 3,2h 23m,15,5.7,245000
220,Action,2024,221. Lal Salaam,2h 30m,,4.5,1500
221,Action,2024,222. Terminator: Skynet Rising,1h 28m,,6.7,283000
222,Action,2024,223. Big City Greens the Movie: Spacecation,1h 23m,TV-Y7,6.2,584000
223,Action,2024,224. Ka Whawhai Tonu,1h 55m,,7.2,204000
224,Action,2024,225. High Forces,1h 59m,,5.8,579000
225,Action,2024,226. Fluxx,1h 40m,,6.0,123000
226,Action,2024,227. Alienoid: The Return to the Future,2h 2m,TV-14,6.5,2700
227,Action,2024,228. The Kingdom,2h 13m,TV-14,7.0,151000
228,Action,2024,229. 200% Wolf,1h 38m,U,5.9,1300
229,Action,2024,230. Joe Baby,1h 26m,,5.2,106000
230,Action,2024,231. Captain Miller,2h 37m,15,6.9,11000
231,Action,2024,232. Sunray: Fallen Soldier,1h 55m,15,4.3,703000
232,Action,2024,233. Mission: Cross,1h 45m,15,6.1,2700
233,Action,2024,234. Bidurbhai,2h 28m,,9.2,408000
234,Action,2024,235. Athhoi,2h 38m,,7.3,226000
235,Action,2024,236. Mr. Bachchan,2h 30m,15,3.6,5300
236,Action,2024,237. The Friendly,1h 41m,,8.6,21000
237,Action,2024,238. Crakk - Jeethegaa Toh Jiyegaa!,2h 34m,15,4.7,6500
238,Action,2024,239. The Wages of Fear,1h 44m,TV-MA,4.6,4200
239,Action,2024,240. Vanvaas,2h 40m,12A,6.6,1500
240,Action,2024,241. The Ballad of Davy Crockett,1h 36m,,4.6,258000
241,Action,2024,242. Gatao: Like Father Like Son,2h 11m,,5.7,260000
242,Action,2024,243. Por,2h 34m,15,5.1,626000
243,Action,2024,244. Dirty Money,1h 40m,,5.6,191000
244,Action,2024,245. Murder at Hollow Creek,0h,,4.1,92000
245,Action,2024,246. Agent Recon,1h 25m,,2.4,750000
246,Action,2024,247. Kahar: Kapla High Council,1h 42m,18,7.0,494000
247,Action,2024,248. Zero,1h 28m,15,5.9,83000
248,Action,2024,249. Anchakkallakokkan,2h 6m,15,6.6,1000
249,Action,2024,250. Echo 8,1h 35m,,6.1,1300
250,Action,2024,251. Villain - Life of a Gangster,2h 21m,,8.7,166000
251,Action,2024,252. Guntur Karam,2h 39m,Not Rated,5.4,25000
252,Action,2024,253. The Last Stand of Ellen Cole,1h 37m,,7.1,75000
253,Action,2024,254. Samandar,2h 52m,,7.7,143000
254,Action,2024,255. The Infallibles,1h 39m,15,4.8,782000
255,Action,2024,256. Indian 2,15,,3.8,17000
256,Action,2024,257. The Waiter,0h,,8.2,30000
257,Action,2024,258. Buying Time,1h 24m,12,6.4,505000
258,Action,2024,259. Shekko,2h,,5.9,613000
259,Action,2024,260. Son's Will,2h 28m,,7.4,1100
260,Action,2024,261. Lights Out,1h 30m,15,4.9,1800
261,Action,2024,262. Deep Six,1h 38m,15,3.5,284000
262,Action,2024,263. Article 370,2h 38m,12A,7.8,25000
263,Action,2024,264. Darkness of Man,1h 49m,15,4.7,3300
264,Action,2024,265. Yudhra,2h 22m,15,4.9,13000
265,Action,2024,266. KA,2h 31m,15,7.0,1700
266,Action,2024,267. Auron Mein Kahan Dum Tha,2h 30m,15,6.4,41000
267,Action,2024,268. Alien Country,1h 36m,12,4.5,402000
268,Action,2024,269. Operation Valentine,2h 13m,12A,5.3,1400
269,Action,2024,270. Sixty Minutes,1h 28m,15,5.7,5300
270,Action,2024,271. Kuang Bao Ju Xi,1h 15m,,5.7,82000
271,Action,2024,272. Death Whisperer 2,1h 50m,,6.3,1500
272,Action,2024,273. Continental Split,1h 28m,TV-14,3.5,568000
273,Action,2024,274. Martin,2h 27m,,2.2,36000
274,Action,2024,275. Siren,2h 34m,15,6.4,3000
275,Action,2024,276. Tillu Square,2h 17m,12A,6.6,3500
276,Action,2024,277. How to Rob a Bank,1h 28m,15,6.6,4300
277,Action,2024,278. Guy Manley: Super Spy,1h 32m,,4.2,160000
278,Action,2024,279. Invasion,1h 31m,,4.8,745000
279,Action,2024,280. 72 Hours,1h 27m,,4.0,337000
280,Action,2024,281. Revolver,1h 54m,,5.4,924000
281,Action,2024,282. Sunset Superman,1h 21m,,5.5,291000
282,Action,2024,283. Mathu Vadalara 2,2h 19m,15,7.0,1700
283,Action,2024,284. Ryan's World the Movie: Titan Universe Adventure,1h 20m,PG,1.8,731000
284,Action,2024,285. Peter Five Eight,1h 40m,,3.5,1100
285,Action,2024,286. Ayalaan,2h 35m,12A,5.9,4000
286,Action,2024,287. Gladiators,1h 35m,15,4.4,114000
287,Action,2024,288. Baki Hanma VS Kengan Ashura,1h 2m,15,5.7,2000
288,Action,2024,289. Garudan,2h 13m,15,7.1,3400
289,Action,2024,290. Mura,2h 9m,18,7.2,6400
290,Action,2024,291. Golden Kamuy,2h 7m,15,6.3,2600
291,Action,2024,292. Rendel: Cycle of Revenge,1h 39m,,3.6,254000
292,Action,2024,293. The Last Kumite,1h 45m,15,4.6,2400
293,Action,2024,294. Wanted Man,1h 25m,15,4.8,2600
294,Action,2024,295. Razakar: The Silent Genocide of Hyderabad,2h 46m,,7.3,5300
295,Action,2024,296. Baby Invasion,1h 20m,,4.6,579000
296,Action,2024,297. DNA,2h 36m,,5.1,215000
297,Action,2024,298. Kondal,2h 27m,15,5.3,799000
298,Action,2024,299. Double iSmart,2h 36m,15,2.9,2200
299,Action,2024,300. Agni,2h 2m,,7.2,15000
300,Action,2024,301. Spiders on a Plane,1h 18m,TV-MA,4.9,394000
301,Action,2024,302. Je jatt Vigarh gya,2h 12m,12A,5.6,835000
302,Action,2024,303. Seeds,1h 22m,,5.0,226000
303,Action,2024,304. 24 Hours to D-Day,1h 23m,,3.5,81000
304,Action,2024,305. Rogue Elements: A Ryan Drake Story,44m,,4.3,1100
305,Action,2024,306. GTMax,1h 40m,TV-MA,5.0,1300
306,Action,2024,307. Ferry 2,1h 34m,15,5.6,3900
307,Action,2024,308. Operation Blood Hunt,1h 33m,15,3.4,518000
308,Action,2024,309. Harom Hara,2h 34m,,6.6,3100
309,Action,2024,310. Witch Hunter,1h 20m,,4.8,26000
310,Action,2024,311. Arena Wars,1h 36m,18,4.8,2200
311,Action,2024,312. Cesium Fallout,2h 15m,,6.3,891000
312,Action,2024,313. Heart of the Hunter,1h 45m,TV-MA,4.7,2200
313,Action,2024,314. Ghosts of Red Ridge,1h 21m,,3.2,178000
314,Action,2024,315. Nice Girls,1h 32m,15,4.2,1200
315,Action,2024,316. The Hangman,1h 32m,,3.3,1000
316,Action,2024,317. Operation Undead,1h 50m,15,4.7,440000
317,Action,2024,318. Roadkill,1h 30m,,3.7,694000
318,Action,2024,319. War of the Worlds: Extinction,1h 24m,12,3.0,215000
319,Action,2024,320. Devaki Nandana Vasudeva,2h 8m,,6.5,2800
320,Action,2024,"321. Love, Courage and the Battle of Bushy Run",1h 53m,15,5.0,194000
321,Action,2024,322. No Time to Spy: A Loud House Movie,1h 21m,PG,6.3,498000
322,Action,2024,323. Matka,2h 36m,15,4.7,604000
323,Action,2024,324. Bionic,1h 50m,TV-MA,4.3,1800
324,Action,2024,325. Chaari 111,2h 10m,12A,4.8,267000
325,Action,2024,326. American Warrior,1h 29m,,8.5,25000
326,Action,2024,327. Rathnam,2h 35m,15,5.4,3700
327,Action,2024,328. Uch Qahramon,0h,,7.3,104000
328,Action,2024,329. Fight Another Day,1h 37m,,4.9,376000
329,Action,2024,330. Dharmarakshak Mahaveer Chhatrapati Sambhaji Maharaj,2h 54m,,8.2,671000
330,Action,2024,331. Black Heat,1h 33m,,8.2,136000
331,Action,2024,332. 6 Hours Away,1h 33m,,4.0,257000
332,Action,2024,333. Six jours,1h 35m,,5.7,266000
333,Action,2024,334. Snatched,1h 41m,,6.1,533000
334,Action,2024,335. Mu zhong wu ren 2,1h 30m,,6.6,549000
335,Action,2024,336. Snow White and the Seven Samurai,1h 28m,,3.2,314000
336,Action,2024,337. Barroz,2h 35m,PG,3.4,1000
337,Action,2024,338. They Call Her Death,1h 32m,,5.3,204000
338,Action,2024,339. Deaner '89,1h 30m,,5.8,458000
339,Action,2024,340. Thundu,2h 5m,12A,5.0,923000
340,Action,2024,341. Sheriff,2h 13m,15,6.9,1200
341,Action,2024,342. 12 to Midnight,1h 36m,,3.6,296000
342,Action,2024,343. Ruslaan,2h,15,3.3,1300
343,Action,2024,344. Mahadev Ka Gorakhpur,2h 11m,,7.5,400000
344,Action,2024,345. What Happens in Miami,1h 30m,TV-MA,4.2,222000
345,Action,2024,346. Cassino in Ischia,1h 53m,12,4.4,266000
346,Action,2024,347. Conquer: Lahad Datu,2h,15,6.6,548000
347,Action,2024,348. Sucha Soorma,2h 16m,15,6.4,954000
348,Action,2024,349. Shark Island,1h 21m,,3.1,129000
349,Action,2024,350. Weapon,2h,,5.4,5700
350,Action,2024,351. Ship of the Damned,1h 28m,15,2.8,310000
351,Action,2024,352. Sobanggwan,1h 46m,,5.7,249000
352,Action,2024,353. Turbo,2h 35m,15,5.9,3700
353,Action,2024,354. Bhaiyya Ji,2h 30m,15,4.8,7400
354,Action,2024,355. 12 Gaun,2h 27m,,6.4,945000
355,Action,2024,356. Mechanic Rocky,2h 36m,,6.4,3500
356,Action,2024,357. Bastar: The Naxal Story,2h 4m,18,6.4,3300
357,Action,2024,358. Alangu,2h 11m,,8.0,1300
358,Action,2024,359. School of Magical Animals 3,1h 45m,,5.7,350000
359,Action,2024,360. The Circuit 4: Faith Fighter,1h 30m,,4.5,92000
360,Action,2024,361. The Plot,1h 40m,,4.8,401000
361,Action,2024,362. The Bodyguard,1h 27m,,6.6,37000
362,Action,2024,363. Viswam,2h 35m,15,4.2,652000
363,Action,2024,364. Bandaa Singh Chaudhary,1h 53m,,6.0,5300
364,Action,2024,365. Malayalee from India,2h 40m,,5.6,5100
365,Action,2024,366. Go for Broke,1h 55m,,5.7,287000
366,Action,2024,367. Bangkok Dog,1h 25m,18,4.7,242000
367,Action,2024,368. Bloody Beggar,2h 14m,,6.2,4400
368,Action,2024,369. Chong jian tian ri,1h 45m,,6.7,58000
369,Action,2024,370. Appu,1h 32m,,8.1,189000
370,Action,2024,371. Bangkok Breaking: Fa Narok Mueang Thewada,2h 26m,TV-MA,5.8,699000
371,Action,2024,372. Mobile Suit Gundam SEED Freedom,2h 4m,15,6.6,981000
372,Action,2024,373. Purushothamudu,2h,,5.2,2500
373,Action,2024,374. First Nights at Freddy's,1h 38m,,9.4,19000
374,Action,2024,375. Pottel,2h 28m,15,8.1,2700
375,Action,2024,376. Chhota Bheem and the Curse of Damyaan,2h 25m,PG,4.8,2300
376,Action,2024,377. Pusaka,1h 30m,,5.2,195000
377,Action,2024,378. Bheema,2h 28m,,5.7,968000
378,Action,2024,379. Non Negotiable,1h 27m,12,5.4,1200
379,Action,2024,380. Saindhav,2h 18m,15,5.0,1600
380,Action,2024,381. Zebra,2h 44m,15,7.2,3200
381,Action,2024,382. Naa Saami Ranga,2h 30m,15,4.5,1200
382,Action,2024,383. Crisis Negotiators,2h,,6.7,749000
383,Action,2024,384. Naam,2h 16m,,6.3,287000
384,Action,2024,385. Citizen of a Kind,1h 54m,,6.7,904000
385,Action,2024,386. The Martial Avenger,0h,,4.8,10000
386,Action,2024,387. Malaikottai Vaaliban,2h 36m,15,6.0,4200
387,Action,2024,388. Pimpinero: Blood and Oil,2h 1m,15,5.6,576000
388,Action,2024,389. Hitler,2h 8m,15,5.2,315000
389,Action,2024,390. Agents,1h 22m,,3.3,950000
390,Action,2024,391. Speed 220,1h 54m,,5.7,1200
391,Action,2024,392. The Last Ronin,1h 55m,,4.9,594000
392,Action,2024,393. Warning 2,2h 5m,15,7.1,900000
393,Action,2024,394. Virunnu,2h 5m,12A,4.0,951000
394,Action,2024,395. Hellhound,1h 43m,15,4.3,526000
395,Action,2024,396. Major Grom: The Game,2h 48m,TV-MA,6.1,1900
396,Action,2024,397. Hunting with Tigers,1h 49m,15,5.6,560000
397,Action,2024,398. The Mick and the Trick,1h 36m,,4.8,82000
398,Action,2024,399. The Unbreakable Bunch,1h 25m,R,7.3,35000
399,Action,2024,400. The Lost Tiger,1h 30m,,7.9,53000
400,Action,2024,401. Sons of Rizk 3,2h 5m,12A,6.6,1800
401,Action,2024,402. Taken from Rio Bravo,1h 20m,15,3.0,324000
402,Action,2024,403. Onsen shâku,1h 10m,,6.0,39000
403,Action,2024,404. The Wolf,1h 27m,,3.4,39000
404,Action,2024,405. Lady Scorpions,1h 41m,R,3.6,374000
405,Action,2024,406. (Pri)sons,1h 40m,,5.0,295000
406,Action,2024,407. Mani nude,1h 24m,,6.6,58000
407,Action,2024,408. Appudo Ippudo Eppudo,2h,12A,4.7,235000
408,Action,2024,409. Serra das Almas,2h,,5.5,44000
409,Action,2024,410. Day Labor,0h,,6.1,96000
410,Action,2024,411. Gangs of Godavari,2h 45m,15,4.9,918000
411,Action,2024,412. Blade of Fury,1h 30m,,6.2,139000
412,Action,2024,413. Young Love,0h,,8.1,10000
413,Action,2024,414. Kali,1h 36m,,5.2,425000
414,Action,2024,415. Drive,1h 30m,,5.6,360000
415,Action,2024,416. Alpha.,1h 40m,,6.9,273000
416,Action,2024,417. Kizumonogatari: Koyomi Vamp,2h 24m,16+,7.0,108000
417,Action,2024,418. Bull Shark 2,1h 15m,,2.7,210000
418,Action,2024,419. Operation Hope,0h,,6.7,25000
419,Action,2024,420. WWII: Operation Phoenix,1h 46m,,5.7,100000
420,Action,2024,421. Rajakili,2h 2m,,5.1,621000
421,Action,2024,422. Stuntman,1h 54m,15,6.9,206000
422,Action,2024,423. The Last of Us: Immunity,1h 4m,,4.4,31000
423,Action,2024,424. Midas,1h 25m,,4.6,346000
424,Action,2024,425. El Duro,1h 30m,,4.7,17000
425,Action,2024,426. Kill Craft,1h 39m,,2.5,376000
426,Action,2024,427. Customs Frontline,1h 55m,15,5.5,533000
427,Action,2024,428. Zénithal,1h 20m,,5.4,88000
428,Action,2024,429. Paradise,1h 23m,,6.9,82000
429,Action,2024,430. Road Wars: Max Fury,1h 23m,Not Rated,2.0,369000
430,Action,2024,431. Babu,2h 22m,,7.2,188000
431,Action,2024,432. Marni: The Story of Wewe Gombel,1h 59m,,5.8,231000
432,Action,2024,433. Toemalog,1h 25m,,6.3,129000
433,Action,2024,434. Inanimate Insanity II: The Movie,1h 46m,PG,8.2,248000
434,Action,2024,435. Ape X Mecha Ape: New World Order,1h 27m,12,2.9,147000
435,Action,2024,436. Sector 17,2h 26m,15,5.4,1300
436,Action,2024,437. Lie Zhan,1h 33m,,6.6,83000
437,Action,2024,438. Buddy,2h 17m,,3.8,358000
438,Action,2024,439. Next to Us,2h 5m,,4.8,229000
439,Action,2024,440. Yi ren zhi xia,2h 14m,,5.2,213000
440,Action,2024,441. Correr para Vivir,1h 37m,,6.9,206000
441,Action,2024,442. The Mortician,16+,,0.0,0
442,Action,2024,443. Sikaar,2h 30m,16,8.3,687000
443,Action,2024,444. Rode College,2h 48m,15,6.5,436000
444,Action,2024,445. Kung Fu Games,1h 38m,15,3.3,392000
445,Action,2024,446. Love You to Debt,2h 15m,,6.2,773000
446,Action,2024,447. Dragon Ball Kai: Doragon Bôru Kai,1h 22m,,8.6,87000
447,Action,2024,448. Bhimaa,2h 21m,15,5.1,1200
448,Action,2024,449. Lisabi: The Uprising,1h 47m,,5.2,142000
449,Action,2024,450. Game On,2h 20m,,5.2,2300
450,Action,2024,451. I Heart Robots,1h 16m,,4.6,2400
451,Action,2024,452. Crosspoint,1h 40m,,6.6,59000
452,Action,2024,453. Dange,2h 34m,15,5.3,806000
453,Action,2024,454. My Fathers' Daughter,1h 18m,,6.5,84000
454,Action,2024,455. Mirza: Part 1 - Joker,2h 45m,,6.8,242000
455,Action,2024,456. Art of Eight Limbs,1h 41m,15,4.0,326000
456,Action,2024,457. The Day Everything Changed,1h 37m,,8.0,80000
457,Action,2024,458. Nothing Even Matters,1h 30m,,5.8,84000
458,Action,2024,459. Sous écrous,1h 51m,,5.6,103000
459,Action,2024,460. Big Rage,1h 55m,TV-MA,3.6,174000
460,Action,2024,461. Spirit Riser,1h 38m,,6.6,37000
461,Action,2024,462. The Heist,2h,,6.9,2000
462,Action,2024,463. The Charisma Killers,1h 41m,,6.0,662000
463,Action,2024,464. Mongol,2h 35m,,8.6,106000
464,Action,2024,465. Purushothamudu,2h,,8.0,22000
465,Action,2024,466. The Experts,2h 1m,12,6.1,304000
466,Action,2024,467. Gone with the Dead the Movie,1h 36m,,4.1,52000
467,Action,2024,468. Black Storm,1h 37m,,6.7,70000
468,Action,2024,469. Mummy Shark,1h 6m,15,2.0,187000
469,Action,2024,470. Oru Anveshanathinte Thudakkam,3h 1m,,6.9,834000
470,Action,2024,471. Sayen: The Huntress,1h 28m,15,4.4,263000
471,Action,2024,472. Stranded Pearl,1h 30m,,6.0,27000
472,Action,2024,473. Prepare to Die,1h 33m,TV-MA,4.5,244000
473,Action,2024,474. Checkmate,1h 44m,,4.3,397000
474,Action,2024,475. Sathur,0h,,7.9,10000
475,Action,2024,476. Tòkunbò,1h 53m,15,3.9,300000
476,Action,2024,477. RedSin: Martyrs of Dissent,49m,,0.0,0
477,Action,2024,478. Hakkenden,2h 29m,,5.9,82000
478,Action,2024,479. The Grey Men,1h 37m,,6.5,74000
479,Action,2024,480. Bad Boyz,2h 30m,12A,3.1,740000
480,Action,2024,481. Kadakan,2h 8m,,4.0,114000
481,Action,2024,482. Uttarakaanda,0h,,0.0,0
482,Action,2024,483. Taklee Genesis x Worlds Collide,2h 26m,,5.4,430000
483,Action,2024,484. The Moon Thieves,1h 48m,15,6.0,293000
484,Action,2024,485. The Epidemic,1h 35m,,5.9,71000
485,Action,2024,486. Clone Cops,1h 36m,,5.8,270000
486,Action,2024,487. Vixen,1h 28m,,5.3,343000
487,Action,2024,488. Mazhai Pidikatha Manithan,2h 13m,,4.5,429000
488,Action,2024,489. Formed Police Unit,2h,15,4.7,1400
489,Action,2024,490. Nu Huo 12 Xiao Shi,1h 26m,,6.0,55000
490,Action,2024,491. Aserb: The Squadron,2h,Not Rated,5.2,322000
491,Action,2024,492. Akabane Honeko no Bodyguard,1h 57m,,6.1,48000
492,Action,2024,493. Iron Fighter,1h 20m,,3.6,66000
493,Action,2024,494. Bonnie,2h,,7.3,45000
494,Action,2024,495. Rang De Basanti,2h 54m,,7.5,161000
495,Action,2024,496. Jorge da Capadócia,1h 59m,,5.9,163000
496,Action,2024,497. Yuva,2h 33m,,5.7,849000
497,Action,2024,498. Shu Si Yi Bo,1h 31m,,6.7,39000
498,Action,2024,499. Ronny - The ruler,0h,,9.2,43000
499,Action,2024,500. Andromeda: 1883,1h 15m,,4.0,19000
500,Action,2024,501. The Actor,2h 8m,TV-MA,3.4,738000
501,Action,2024,502. Texas Twister,1h 28m,,2.5,161000
502,Action,2024,503. Sunfall,1h 14m,TV-MA,2.4,48000
503,Action,2024,504. Genis Aile 4: Cevahir & Ulvi,1h 30m,,4.7,264000
504,Action,2024,505. RSVP,0h,,4.7,381000
505,Action,2024,506. Transformers Prime: Galavatron's Revenge,1h 44m,,4.4,17000
506,Action,2024,507. Neo-Dome,15m,,6.0,19000
507,Action,2024,508. Rock 'n' Roll Ringo,1h 41m,,6.1,61000
508,Action,2024,509. Fyre Rises,1h 50m,15,6.1,327000
509,Action,2024,510. Where Is Gilgamesh?,1h 30m,,8.9,640000
510,Action,2024,511. The Slave and the Sorcerer,1h 26m,,6.5,47000
511,Action,2024,512. Return to the Ring,1h 46m,,5.3,752000
512,Action,2024,513. The Bouncer,1h 18m,,4.1,100000
513,Action,2024,514. Team of Two,0h,,4.9,115000
514,Action,2024,515. Bloody Escape,1h 40m,,5.4,59000
515,Action,2024,516. The Wild Blade of Strangers,1h 42m,,6.2,118000
516,Action,2024,517. Blocking the Horse,1h 34m,,5.0,29000
517,Action,2024,518. Bolero,0h,,3.1,29000
518,Action,2024,519. Thug in a Suit,1h 40m,,6.0,152000
519,Action,2024,520. September Babies,1h 34m,,5.5,296000
520,Action,2024,521. Kaalapatthar,1h 53m,,6.2,1000
521,Action,2024,522. Red vs. Blue: Restoration,1h 25m,16+,5.6,145000
522,Action,2024,523. My Redneck Neighbor: Chapter 2 - Let the Games Begin,55m,,5.7,11000
523,Action,2024,524. Tariq,2h 2m,,6.2,18000
524,Action,2024,525. Sentimentaaal,2h 15m,,4.9,991000
525,Action,2024,526. Thiragabadara Saami,1h 55m,,3.9,118000
526,Action,2024,527. Sabari,2h 9m,,6.5,5400
527,Action,2024,528. Touchdown,1h 18m,,6.8,14000
528,Action,2024,529. Umro Ayyar - A New Beginning,2h 15m,12A,6.9,679000
529,Action,2024,530. Tales Beyond the Galaxy,1h 16m,,4.5,186000
530,Action,2024,531. Super Vixens 8,1h 10m,,0.0,0
531,Action,2024,532. Camp Blood: Clown Shark,1h 10m,,3.2,93000
532,Action,2024,533. Atypical Pirate,0h,,0.0,0
533,Action,2024,534. Anunnakiler,1h 16m,,2.5,472000
534,Action,2024,535. Delivery Run,0h,,7.2,18000
535,Action,2024,536. Mutant,1h 30m,,4.3,116000
536,Action,2024,537. Bond: Kizuna,1h 32m,,5.6,20000
537,Action,2024,538. Bhairadevi,2h 14m,,8.6,52000
538,Action,2024,539. Reloaded 2,45m,,7.5,1200
539,Action,2024,540. Ten Toes Down,0h,,7.5,40000
540,Action,2024,541. Naag Bhoomi,2h 10m,,5.7,9000
541,Action,2024,542. Dark Fusion,1h 30m,,8.5,241000
542,Action,2024,543. Mission: Chapter 1,2h 24m,15,5.9,1700
543,Action,2024,544. Sentinelese,1h 30m,,0.0,0
544,Action,2024,545. Death Game,1h 28m,,6.3,26000
545,Action,2024,546. Young Lion of the West,1h 33m,,5.3,110000
546,Action,2024,547. Star Abyss,1h 26m,,3.8,266000
547,Action,2024,548. Hit List,2h 5m,,5.5,316000
548,Action,2024,549. Permafrost,1h 20m,,5.7,115000
549,Action,2024,550. Temsah-e khooni,0h,,5.2,1100
550,Action,2024,551. Sarangadhariya,2h 30m,,8.3,3100
551,Action,2024,552. Neon Fear,40m,,5.7,600000
552,Action,2024,553. Ghost Killer,1h 45m,,7.0,82000
553,Action,2024,554. Supplier Shankara,2h 43m,,9.3,73000
554,Action,2024,555. Clownface 3,1h 44m,,9.5,41000
555,Action,2024,556. Playground,1h 28m,,0.0,0
556,Action,2024,557. Azotes de Barrio 2,0h,,9.8,13000
557,Action,2024,558. The Omicron Killer,1h 38m,,2.9,598000
558,Action,2024,559. Breaking and Re-entering,1h 49m,15,5.8,463000
559,Action,2024,560. Average Student Nani,2h 18m,,7.5,2300
560,Action,2024,561. Saala,2h 10m,,5.6,1100
561,Action,2024,562. Premalo,2h 8m,,7.3,1100
562,Action,2024,563. Andromeda 2,0h,,3.1,90000
563,Action,2024,564. From Within,0h,,0.0,0
564,Action,2024,565. Diabel,1h 48m,15,5.0,284000
565,Action,2024,566. Re Xue Ran Shao,1h 53m,,7.3,57000
566,Action,2024,567. The Wolfman,0h,,0.0,0
567,Action,2024,568. Blow Out,0h,,2.7,17000
568,Action,2024,569. Killer Ex,1h 34m,,4.0,54000
569,Action,2024,570. Itutumba ka ng tatay ko,1h 49m,,5.0,74000
570,Action,2024,571. Bonus Trip,1h 53m,,4.6,230000
571,Action,2024,572. Trucker,0h,,0.0,0
572,Action,2024,573. The Miranda Brothers,1h 39m,,4.4,191000
573,Action,2024,574. Ruthless,2h 27m,,0.0,0
574,Action,2024,575. Tokusou Sentai Dekaranger 20th: Fireball Booster,50m,,7.1,38000
575,Action,2024,576. Ballistic,1h 35m,18,2.2,164000
576,Action,2024,577. Rudraa,2h 26m,,0.0,0
577,Action,2024,578. The Escapee 3: The Final Escape,1h 23m,,2.8,69000
578,Action,2024,579. Behind Enemy Lines,0h,,5.8,13000
579,Action,2024,580. Hope & Glory,44m,,6.6,148000
580,Action,2024,581. Last Straw,1h 44m,,0.0,0
581,Action,2024,582. South Side Hero,1h 32m,,5.6,38000
582,Action,2024,583. Bond of Justice: Kizuna Part II - Judgement,1h 28m,,0.0,0
583,Action,2024,584. Mister Gates,0h,,8.5,30000
584,Action,2024,585. Revenge,2h 7m,,1.8,47000
585,Action,2024,586. The Captives,1h 13m,,3.4,69000
586,Action,2024,587. Saint Young Men: Holy Men vs Demon Army,1h 33m,,3.2,16000
587,Action,2024,588. Jacob Tyler,2h 13m,15,4.1,65000
588,Action,2024,589. The Vampire and the Vigilante,1h 15m,,3.6,54000
589,Action,2024,590. Türkler Çildirmis Olmali 2: Mavi Vatan,1h 40m,,2.1,168000
590,Action,2024,591. Iravinil Aatam Par,1h 58m,,3.3,154000
591,Action,2024,592. Hrashwo Deergha,2h 30m,,7.6,102000
592,Action,2024,593. Top Floor,1h 14m,,6.1,57000
593,Action,2024,594. London Gangsters,1h 44m,15,4.6,12000
594,Action,2024,595. Firework,1h,13+,6.1,13000
595,Action,2024,596. Polar,1h 16m,,4.3,30000
596,Action,2024,597. Fûto Tantei: Kamen Rider Skull no Shôzô,1h 22m,,7.3,51000
597,Action,2024,598. Nanoshark,12,,5.4,24000
598,Action,2024,599. Raanti,1h 55m,,6.7,1100
599,Action,2024,600. Jathara,2h 9m,,7.8,1100
600,Action,2024,601. The Evil Three,30m,,6.5,1000
601,Action,2024,602. Election,2h,,5.8,806000
602,Action,2024,603. Thankamani,2h 36m,15,4.6,233000
603,Action,2024,604. Guns Blazin,1h 28m,,7.1,10000
604,Action,2024,605. Warrior Awang and Master Tok Gajah,1h 58m,15,4.6,484000
605,Action,2024,606. Nintama Rantaro Dokutake Ninja-tai Saikyou no Gunshi,1h 30m,,7.1,41000
606,Action,2024,607. Losing Lerato 2,1h 36m,,9.0,34000
607,Action,2024,608. Meteor: Day One,0h,,3.5,37000
608,Action,2024,609. Petta Rap,2h 3m,15,4.0,1700
609,Action,2024,610. In Tenebras: Into the Darkness,1h 30m,,2.7,178000
610,Action,2024,611. Bad Business,0h,,6.8,60000
611,Action,2024,612. Fast Furious,0h,,0.0,0
612,Action,2024,613. Champions of the Golden Valley,1h 21m,,9.2,78000
613,Action,2024,614. Super Vixens 7,1h 7m,,0.0,0
614,Action,2024,615. Abudeka Is Back,2h,,5.4,42000
615,Action,2024,616. Kamen Rider 555 20th: Paradise Regained,1h 5m,,5.8,150000
616,Action,2024,617. Spider-Man: Final Swing,2h 33m,Not Rated,7.9,11000
617,Action,2024,618. Mega Twisters,1h 15m,TV-MA,2.7,59000
618,Action,2024,619. Komandir,2h 11m,,6.3,537000
619,Action,2024,620. Jigar,2h 2m,,6.9,20000
620,Action,2024,621. Usha Parinayam,2h 24m,,9.0,2100
621,Action,2024,622. Yakuza Girl,1h 22m,,2.2,69000
622,Action,2024,623. Hide and Seek,2h 10m,,8.0,55000
623,Action,2024,624. The Yoshi Movie,1h 45m,,7.9,14000
624,Action,2024,625. Jithender Reddy,2h 16m,,7.7,2400
625,Action,2024,626. Submerged,1h 40m,,0.0,0
626,Action,2024,627. Captain Avispa,1h 36m,Not Rated,5.7,181000
627,Action,2024,628. Rocky the Slave,2h 11m,,0.0,0
628,Action,2024,629. Chasing Raine,1h 41m,,2.3,188000
629,Action,2024,630. Lolipop Gang,1h 30m,,0.0,0
630,Action,2024,631. Panjab Files,1h 57m,15,8.2,32000
631,Action,2024,632. Game of Death: The Six Doors to Hell,2h 25m,,0.0,0
632,Action,2024,633. Agastya - Chapter 1,2h 48m,,6.6,619000
633,Action,2024,634. Halloween: Mal Eterno,50m,,8.3,231000
634,Action,2024,635. The SML YTP Movie 2: Dimension Trouble,1h 34m,TV-PG,8.6,15000
635,Action,2024,636. Peter Brook's the Mahabharata (8K),2h 53m,,0.0,0
636,Action,2024,637. Gam Gam Ganesha,2h 20m,15,5.3,315000
637,Action,2024,638. Gold Raiders,1h 28m,,2.0,193000
638,Action,2024,639. Death Bitch,1h 28m,Not Rated,7.3,22000
639,Action,2024,640. Memes & Nightmares,1h 21m,TV-MA,5.7,92000
640,Action,2024,641. Day Off,0h,,3.6,12000
641,Action,2024,642. Bloodline,1h 20m,,9.2,50000
642,Action,2024,643. How to Make a Werewolf,16+,,5.7,145000
643,Action,2024,644. 100 Crores,0h,,5.5,4000
644,Action,2024,645. Bullet,2h 11m,,8.9,570000
645,Action,2024,646. Ultraman Blazar the Movie: Tokyo Kaiju Showdown,1h 15m,,7.5,94000
646,Action,2024,647. Emanet,1h 37m,,7.7,32000
647,Action,2024,648. Hell's Island,0h,,0.0,0
648,Action,2024,649. Telekinesis,1h 46m,,5.8,63000
649,Action,2024,650. Rob N Roll,1h 38m,,6.1,1500
650,Action,2024,651. Kiyma: Orman Kanunlari,1h 21m,,3.9,43000
651,Action,2024,652. The Bottom Line,1h 47m,Not Rated,6.7,14000
652,Action,2024,653. The Undeserving,0h,,5.2,20000
653,Action,2024,654. Indrani: Epic-1 Dharam vs Karam,2h 37m,,7.6,1100
654,Action,2024,"655. Fool Me Once, Revenge on You",0h,,7.0,11000
655,Action,2024,656. The Burden of Nine Lives,1h 56m,,5.1,118000
656,Action,2024,657. Soodhu Kavvum 2: Naatum Naatu Makkalum,2h 9m,12A,3.7,213000
657,Action,2024,658. Brotherhood of Blades 3: The Embroidered Sword,0h,,4.7,14000
658,Action,2024,659. Hotel Underground,0h,,7.7,76000
659,Action,2024,660. Seetha Kalyana Vaibhogame,2h 26m,,8.5,2000
660,Action,2024,"661. Silex and the City, le film",1h 17m,,4.9,55000
661,Action,2024,662. Marine Drive,1h 45m,,9.5,50000
662,Action,2024,663. Iddaru,2h 28m,,8.7,297000
663,Action,2024,664. Rudra: The Beginning,2h 15m,,9.4,38000
664,Action,2024,665. Rebel,1h 40m,,3.2,66000
665,Action,2024,666. Dun huang ying xiong,0h,,0.0,0
666,Action,2024,667. The Alexandrian,1h 44m,,3.8,272000
667,Action,2024,668. Timuchin,1h 18m,,5.9,33000
668,Action,2024,669. Krishnamma,2h 18m,15,6.2,369000
669,Action,2024,670. Waspzilla,1h 20m,,4.4,139000
670,Action,2024,671. Hua qian gu,1h 37m,,3.8,28000
671,Action,2024,672. Pranaya Godari,2h 28m,,7.8,2400
672,Action,2024,673. Pariah Volume 1: Every Street Dog Has a Name,2h 18m,,6.8,393000
673,Action,2024,674. Beat the Beast,1h 14m,TV-14,0.0,0
674,Action,2024,675. Played,1h 36m,,6.2,11000
675,Action,2024,676. The Desperate Chase,1h 50m,,5.6,73000
676,Action,2024,677. Bato: Road to Death,2h 17m,,5.4,776000
677,Action,2024,678. Inkabi,1h 41m,,4.8,84000
678,Action,2024,679. Gumbo 2,0h,,6.8,11000
679,Action,2024,680. Achilles Curse and the Curse of Treasure,2h 5m,,7.5,26000
680,Action,2024,681. Kamen Rider Geats: Jyamato Awakening,54m,,7.9,79000
681,Action,2024,682. Kamen Rider Gotchard: The Future Daybreak,1h 3m,,8.0,77000
682,Action,2024,683. Gekijoban kimi to sekai ga owaru hi ni final,1h 55m,,6.5,40000
683,Action,2024,684. Super Vixens 6,1h 13m,,0.0,0
684,Action,2024,685. Spider-Man: Hunted - Ultimatum,0h,,9.4,6000
685,Action,2024,686. Dark World,2h 15m,,4.9,19000
686,Action,2024,687. Dou Po Cangqiong 3: Chu E,1h 21m,,5.0,11000
687,Action,2024,688. SCP: The Infinite Mission,16+,,6.0,35000
688,Action,2024,689. Batman: The Darkest Knight,1h 12m,PG,0.0,0
689,Action,2024,690. Sith Wars: Episódio III - Fantasmas Dos Sith,1h 39m,,8.9,158000
690,Action,2024,691. Saint Michael of the City,0h,,8.0,32000
691,Action,2024,692. Hain,1h 35m,,2.9,51000
692,Action,2024,693. Gravediggers,1h 31m,,6.1,33000
693,Action,2024,694. Mavr,1h 23m,,6.3,10000
694,Action,2024,695. Angel of the Warrior,1h 30m,,8.4,134000
695,Action,2024,696. Special Needs Revolt!,1h 53m,,8.5,16000
696,Action,2024,697. The Last Chainsaw Massacre,1h 15m,,3.7,43000
697,Action,2024,698. Dead Hand,1h 32m,,4.1,75000
698,Action,2024,699. Smoke,2h,,0.0,0
699,Action,2024,700. Ame no naka no yokujô,2h 12m,,5.9,88000
700,Action,2024,701. The ShortCut,2h 18m,,7.7,1800
701,Action,2024,702. The Dakota War: Chase,0h,,0.0,0
702,Action,2024,703. Then Came the Bottle Girls,1h 19m,,0.0,0
703,Action,2024,704. Mother Mafia,1h 20m,,3.6,53000
704,Action,2024,705. Roxana,1h 38m,,4.0,69000
705,Action,2024,706. Gull Lake Vice II: The Delusion Continues,58m,,8.1,18000
706,Action,2024,707. Firewire Sniper,1h 24m,,0.0,0
707,Action,2024,708. Vey Dharuvey,2h 7m,,6.3,2300
708,Action,2024,709. Charlotte Link - Ohne Schuld,1h 29m,,5.5,43000
709,Action,2024,710. Surge of Power: Where There's Smoke,1h 8m,,5.9,14000
710,Action,2024,711. The Mystery of Humanoid Puppet,1h 28m,,6.7,61000
711,Action,2024,712. Rebirth Island,1h 43m,,7.7,57000
712,Action,2024,713. Sumaho o otoshita dake na no ni: Saishusho Final Hacking Game,1h 56m,,6.7,29000
713,Action,2024,714. Hiranya,2h 18m,,5.6,20000
714,Action,2024,715. Feng Zi Lao Ba,1h 25m,,4.3,6000
715,Action,2024,716. Mi Wu Ci Sha,0h,,7.2,53000
716,Action,2024,717. The Lost Mausoleum,0h,,6.2,54000
717,Action,2024,718. Zhi Bao,1h 40m,,5.4,19000
718,Action,2024,719. The Escapee 2: The Woman in Black,0h,,3.2,93000
719,Action,2024,720. Rocky and Bullwinkle,1h 40m,,8.6,17000
720,Action,2024,721. Aho Vikramaarka,2h 16m,,7.4,55000
721,Action,2024,722. Old Wild Mob,0h,,0.0,0
722,Action,2024,723. Karma,1h 51m,,4.4,50000
723,Action,2024,724. Haraa,2h 16m,12A,5.2,2900
724,Action,2024,725. Dünya Mali: Eksi Bir,2h 13m,,7.2,18000
725,Action,2024,726. Kade,1h 32m,,6.3,18000
726,Action,2024,727. Mirg,1h 23m,,6.1,36000
727,Action,2024,728. E-mail,1h 59m,,5.4,807000
728,Action,2024,729. Deadzone,1h 20m,,4.0,38000
729,Action,2024,730. Roudhra Rupaya,2h 12m,,7.2,2000
730,Action,2024,731. Kreem,1h 55m,,6.8,130000
731,Action,2024,732. The Avenger,0h,,4.7,7000
732,Action,2024,733. Heavens: The Boy and His Robot,1h 38m,,6.3,22000
733,Action,2024,734. Hard Ride,0h,,6.4,10000
734,Action,2024,735. Daanvi,1h 57m,,1.5,9000
735,Action,2024,736. Mercy Killing,2h 11m,,8.7,2700
736,Action,2024,737. Kido senshi Gandamu: Ginhai no Gen'ei,1h 30m,,6.1,13000
737,Action,2024,738. Raktaksha,1h 58m,,7.9,1400
738,Action,2024,739. Ameena,1h 47m,15,6.3,20000
739,Action,2024,740. Die Chaosschwestern und Pinguin Paul,1h 40m,,5.6,74000
740,Action,2024,741. Hell city,1h 30m,,9.1,28000
741,Action,2024,742. Raju Gari Ammayi Naidu Gari Abbayi,2h 38m,,8.1,3100
742,Action,2024,743. Fast Atlanta,1h 36m,,0.0,0
743,Action,2024,744. King of UP,0h,,0.0,0
744,Action,2024,745. The Assignment,1h 5m,,0.0,0
745,Action,2024,746. Maverick from the Edge,1h 47m,Approved,0.0,0
746,Action,2024,747. Abnormal: Buas,1h 30m,,5.7,28000
747,Action,2024,748. Youth in Trouble,1h 46m,,7.8,28000
748,Action,2024,749. Battling to Survive,1h 14m,,7.1,54000
749,Action,2024,750. A Man is Dead,0h,,0.0,0
750,Action,2024,751. A Reel Heist,1h 56m,,5.2,58000
751,Action,2024,752. The Apples Gang: The Movie by Wright,0h,,0.0,0
752,Action,2024,753. Combat Code: Hunt,1h 16m,,7.7,20000
753,Action,2024,754. Kaveri,1h 41m,,6.8,1500
754,Action,2024,755. Max Beyond,1h 33m,15,6.6,18000
755,Action,2024,756. Blue Belt,0h,,2.4,24000
756,Action,2024,757. Case Files,0h,,0.0,0
757,Action,2024,758. Bulletproof Jesus,0h,,4.5,13000
758,Action,2024,759. Breaking Tradition,1h 27m,,6.5,28000
759,Action,2024,760. Samurai Detective Onihei: True Master,0h,,0.0,0
760,Action,2024,761. Shadows of Betrayal: Chronicles of Ian Blair,1h 5m,,7.5,14000
761,Action,2024,762. The End of Hen,1h 15m,,9.7,10000
762,Action,2024,763. Ancient Building Town Mausoleum Palace,0h,,6.8,54000
763,Action,2024,764. A Love Story of Assassin,1h 25m,,6.9,60000
764,Action,2024,765. Shockwaves 2,1h 19m,,2.9,151000
765,Action,2024,766. We the People,0h,,0.0,0
766,Action,2024,767. Common Creed: Trafficking,1h 46m,,6.6,13000
767,Action,2024,768. Zui hou yi quan,1h 47m,,5.6,18000
768,Action,2024,769. Joachim and the Apocalypse,1h 30m,,7.5,16000
769,Action,2024,770. Brattt,1h 57m,,4.7,68000
770,Action,2024,771. Sha Hai zhi Men,0h,,0.0,0
771,Action,2024,772. Dreams,1h 46m,,6.9,9000
772,Action,2024,773. Po zhan,1h 26m,,2.7,17000
773,Action,2024,774. Karma,0h,,0.0,0
774,Action,2024,775. The Storm,1h 38m,,0.0,0
775,Action,2024,776. Kyle and the Last Emerald,20m,TV-PG,5.4,18000
776,Action,2024,777. Il portale magico,0h,,7.9,35000
777,Action,2024,778. #Models Wanted,0h,,8.5,33000
778,Action,2024,779. Get Close 2,0h,,5.7,47000
779,Action,2024,780. Guxim,1h 15m,,7.2,37000
780,Action,2024,781. Killer - The Hunt,0h,,0.0,0
781,Action,2024,782. The Last Vendetta,0h,,0.0,0
782,Action,2024,783. Double Cross,1h 6m,,0.0,0
783,Action,2024,784. Napoleon Street,1h 50m,TV-14,0.0,0
784,Action,2024,785. Fierce Hunt,1h 32m,,0.0,0
785,Action,2024,786. Dhaaak,2h 8m,,8.6,24000
786,Action,2024,787. Wilhelm Gustloff,1h 50m,13+,8.7,9000
787,Action,2024,788. Di Renjie: Duo Ming Yao Seng,1h 20m,,6.9,60000
788,Action,2024,789. Lorry Chapter-1,3h 3m,,5.7,2600
789,Action,2024,790. Woodland,0h,,0.0,0
790,Action,2024,791. Pungut,1h 40m,,7.5,16000
791,Action,2024,792. Alí Primera,0h,,0.0,0
792,Action,2024,793. Ranger,0h,,0.0,0
793,Action,2024,794. Hidden,0h,,0.0,0
794,Action,2024,795. Joshua: Imai Pol Kaka,2h 10m,15,4.5,590000
795,Action,2024,796. Opportunity,1h 36m,,8.9,91000
796,Action,2024,797. The Very Last Christmas,1h 15m,,8.6,12000
797,Action,2024,798. Mr. Natwarlal,2h 10m,,6.1,781000
798,Action,2024,799. S-99,1h 59m,,8.6,2100
799,Action,2024,800. Southeast Regional's Best of the Festival (shorts): Vol 1,0h,,7.3,9000
800,Action,2024,801. Pushpaka Vimana,2h 17m,,5.6,16000
801,Action,2024,802. Dr. Jason II - Lights & Shadows,1h 2m,,4.9,331000
802,Action,2024,803. Double Trouble,1h 45m,,0.0,0
803,Action,2024,804. Surrender,2h 29m,,7.8,15000
804,Action,2024,805. The Punisher: Nightmare,0h,,0.0,0
805,Action,2024,806. Codename: Devil,1h 44m,,6.0,7000
806,Action,2024,807. StarGazer: The Need of the Many,47m,,5.0,12000
807,Action,2024,808. Own Kind,0h,,0.0,0
808,Action,2024,809. Mission Bharatam,0h,,0.0,0
809,Action,2024,810. Untitled,0h,,0.0,0
810,Action,2024,811. Zeke,50m,,6.6,10000
811,Action,2024,812. Fauji,0h,,0.0,0
812,Action,2024,813. Magnet,2h 41m,,0.0,0
813,Action,2024,814. Kohinoor,1h 59m,,8.1,22000
814,Action,2024,815. Agent 86,1h 27m,,6.7,6000
815,Action,2024,816. No More Awesome Action Movies,1h 20m,,0.0,0
816,Action,2024,817. Spider-Man: Blue,0h,,5.8,12000
817,Action,2024,818. Ajay Gadu,1h 48m,,5.4,1200
818,Action,2024,819. Holy Punch,1h 38m,,5.2,50000
819,Action,2024,820. Cândido,1h 39m,,6.3,64000
820,Action,2024,821. Vorovka,1h 30m,,4.8,55000
821,Action,2024,822. Cholo Zombies,1h 36m,,4.5,107000
822,Action,2024,823. Me and the Dragon's Daughter,1h 15m,,5.1,10000
823,Action,2024,824. Bolice,1h 42m,,0.0,0
824,Action,2024,825. Revenge,0h,,0.0,0
825,Action,2024,826. Timini,2h,,0.0,0
826,Action,2024,827. Oversteer,1h 26m,,5.2,19000
827,Action,2024,828. When First We Practice to Deceive,0h,,0.0,0
828,Action,2024,829. Jurassic Exorcist,1h 16m,,3.9,23000
829,Action,2024,830. Tumbal Darah,1h 32m,,0.0,0
830,Action,2024,831. The Worlds Divide,2h,,7.9,40000
831,Action,2024,832. Useful Idiots,1h 32m,,8.3,19000
832,Action,2024,833. Death Game,1h 27m,,5.5,18000
833,Action,2024,834. The Last Aztec Warrior,0h,,0.0,0
834,Action,2024,835. Prisionera del lente,Not Rated,,5.8,84000
835,Action,2024,836. The DeMarco Crew,0h,,6.5,19000
836,Action,2024,837. Played,1h 22m,,0.0,0
837,Action,2024,838. Blue Falcon,0h,,0.0,0
838,Action,2024,839. Best Cop Ever,2h 2m,,4.5,51000
839,Action,2024,840. Too Little Too Late,1h 6m,,5.4,8000
840,Action,2024,841. Vingança De Sangue: Blood Vendetta,1h 30m,,7.7,240000
841,Action,2024,842. Pakal Iravu,1h 8m,,0.0,0
842,Action,2024,843. Bagundi,0h,,0.0,0
843,Action,2024,844. Usire Usire,2h 31m,,7.4,1100
844,Action,2024,845. Dheera,2h 3m,,7.9,1300
845,Action,2024,846. Done,1h 50m,,0.0,0
846,Action,2024,847. Ugravatara,2h 2m,,8.1,708000
847,Action,2024,848. Fist of Vengeance,0h,,0.0,0
848,Action,2024,849. Dirt,0h,,0.0,0
849,Action,2024,850. Artist Unknown,1h 22m,,7.9,21000
850,Action,2024,851. Vhoyal,2h 18m,,9.3,6000
851,Action,2024,852. ZombieCON Vol. 1,0h,,0.0,0
852,Action,2024,853. Anthima Theerpu,2h 13m,,7.0,1600
853,Action,2024,854. Tiger's Trigger,1h 24m,,4.1,19000
854,Action,2024,855. AK47,2h 26m,,7.2,15000
855,Action,2024,856. Alchemy of Solitude,0h,,0.0,0
856,Action,2024,857. Operation Wakaliga: Fate and Blood,1h 6m,,6.7,12000
857,Action,2024,858. The Standoff,0h,,8.9,11000
858,Action,2024,859. Day of the Diesels,1h 40m,,6.9,11000
859,Action,2024,860. In the Woods,1h 23m,,0.0,0
860,Action,2024,861. Dirty Fellow,1h 59m,,6.7,3800
861,Action,2024,862. Zoloto Umalty,1h 49m,,4.9,114000
862,Action,2024,863. Crypto Storm,1h 41m,,4.8,36000
863,Action,2024,864. War of the Ninja Monsters: Jaron vs Goura,55m,,4.0,6000
864,Action,2024,865. Slide or Die the Movie,2h 7m,,8.3,9000
865,Action,2024,866. Red Horse,0h,,4.0,7000
866,Action,2024,867. The Artifact,1h 48m,,0.0,0
867,Action,2024,868. Leoi jing ngoi hap,1h 23m,,3.2,26000
868,Action,2024,869. The Final List,1h 47m,,0.0,0
869,Action,2024,870. Reeza GTR,1h 31m,,6.9,16000
870,Action,2024,871. Danum,1h 30m,,0.0,0
871,Action,2024,872. ChickenMan,0h,,5.8,7000
872,Action,2024,873. A Lonely Place to Die,0h,,0.0,0
873,Action,2024,874. Escape,0h,,0.0,0
874,Action,2024,875. Black Money,2h 35m,,0.0,0
875,Action,2024,876. Hard Guy Sniper,1h 27m,,0.0,0
876,Action,2024,877. Lesbian Western - The Feature,2h 14m,,0.0,0
877,Action,2024,878. Thy Will Be Done,1h 38m,,0.0,0
878,Action,2024,879. Hattichhap,0h,,8.2,882000
879,Action,2024,880. Kaale Angrej,2h 11m,,5.5,17000
880,Action,2024,881. A Real Encounter,0h,,6.7,8000
881,Action,2024,882. Drug Hunter 2,1h 9m,,0.0,0
882,Action,2024,883. 5 Pounds of Pressure,1h 51m,,6.6,17000
883,Action,2024,884. Unidad 23: Recargada,0h,,0.0,0
884,Action,2024,885. Leha,1h 38m,,2.3,42000
885,Action,2024,886. Rawayan,2h 14m,,0.0,0
886,Action,2024,887. Seven Heroes Beat the Monster,1h 29m,,6.8,51000
887,Action,2024,888. The Correct Way of Youth,1h 30m,,9.3,782000
888,Action,2024,889. Retribution for Cory,0h,,0.0,0
889,Action,2024,890. La Chakalosa,1h 36m,,10.0,5000
890,Action,2024,891. Yentha Panichesav Chanti,2h 15m,,9.5,85000
891,Action,2024,892. Mean Streets,0h,,8.0,14000
892,Action,2024,893. Verisimilitude: Vol I,0h,,0.0,0
893,Action,2024,894. Xue Yue Ji,0h,,7.2,54000
894,Action,2024,895. Just Us,1h 23m,,0.0,0
895,Action,2024,896. Amarjeet Rana,28m,,0.0,0
896,Action,2024,897. Boiling Point,0h,,3.0,23000
897,Action,2024,898. Charming Men: Part 2 - Camilla,57m,,0.0,0
898,Action,2024,899. Dangerous Boys 2,1h 55m,,5.5,12000
899,Action,2024,900. City of Shadows,1h 32m,,0.0,0
900,Action,2024,901. Kung Fu Panda 4- Bengali Dubbed,0h,,0.0,0
901,Action,2024,902. Banjo,1h 42m,,0.0,0
902,Action,2024,903. Zegapain STA,1h 30m,,0.0,0
903,Action,2024,904. Dead man Memory,0h,,0.0,0
904,Action,2024,905. Superman: Jubilation,2h 56m,12,0.0,0
905,Action,2024,906. Dreamcoin,0h,,4.2,66000
906,Action,2024,907. Dhil Raja,1h 46m,,9.4,131000
907,Action,2024,908. Slasher House 3,0h,,4.3,69000
908,Action,2024,909. The Domino File,1h 42m,,4.7,7000
909,Action,2024,910. Big Brother,1h 55m,,8.5,2000
910,Action,2024,911. Chinatown Chacha,1h 43m,,5.0,59000
911,Action,2024,912. La Tamalera,1h 55m,,8.4,10000
912,Action,2024,913. The Kills,1h 10m,,8.8,9000
913,Action,2024,914. Joy Hanu Man,2h 23m,,8.9,27000
914,Action,2024,915. Irani,0h,,8.3,7000
915,Action,2024,"916. Arlempdes, la légende du premier château de la Loire",0h,,6.5,12000
916,Action,2024,917. We Came to Wreck Everything,0h,,0.0,0
917,Action,2024,918. Gaddar,0h,,0.0,0
918,Action,2024,919. Snowstorm,1h 31m,,4.5,6000
919,Action,2024,920. Yao Shen Ling,1h 33m,,6.7,69000
920,Action,2024,921. Herencia Llena De Sangre,1h 33m,,10.0,5000
921,Action,2024,922. Ryding Durty,0h,,9.0,9000
922,Action,2024,923. Wandafuru Purikyua! Za mubi! Doki Doki Game no Sekai de Daiboken,1h 11m,,6.6,38000
923,Action,2024,924. Travesty,1h 18m,,7.8,10000
924,Action,2024,925. Falsos Amigos,1h 53m,,10.0,5000
925,Action,2024,926. Punish Evil,1h 25m,,0.0,0
926,Action,2024,927. The Romano Story,1h 46m,,0.0,0
927,Action,2024,928. Grudge,1h 44m,,0.0,0
928,Action,2024,929. Dheera Bhagat Roy,2h 30m,,8.4,1100
929,Action,2024,930. The Queens Ball,1h 16m,,0.0,0
930,Action,2024,931. Diamonds and Pearls,0h,,0.0,0
931,Action,2024,932. Operation Star,1h 42m,,7.8,25000
932,Action,2024,933. Captured,0h,,8.1,19000
933,Action,2024,934. Sathur: Part1,0h,,0.0,0
934,Action,2024,935. Di Renjie: Tongtian xuan an,1h 25m,,7.1,19000
935,Action,2024,936. Vi possiamo salvare,1h 29m,,2.7,103000
936,Action,2024,937. Jue ming ju ji,1h 26m,,0.0,0
937,Action,2024,938. Spider-Man: Bounty,0h,,0.0,0
938,Action,2024,939. Rogue Cops: Pushed to the Limit,0h,,6.8,10000
939,Action,2024,940. Widowmaker,1h 30m,,0.0,0
940,Action,2024,941. Endemoniados,1h 43m,,0.0,0
941,Action,2024,942. Spectre: Shadow Night,0h,,0.0,0
942,Action,2024,943. Shiva Ke Ram Bhoomi,1h 52m,,0.0,0
943,Action,2024,944. Samar,0h,,9.7,21000
944,Action,2024,945. Bodyguard for Sweetheart,2h 7m,,0.0,0
945,Action,2024,946. Nenu Keerthana,2h 35m,,8.9,2100
946,Action,2024,947. Royal Flush,1h 30m,,0.0,0
947,Action,2024,948. Kallu Compound 1995,2h 20m,,7.9,2000
948,Action,2024,949. Anger,1h 23m,Approved,7.7,18000
949,Action,2024,950. Anti-Drug Operation,1h 19m,,6.7,6000
950,Action,2024,951. The Karate Breaker,1h 30m,,0.0,0
951,Action,2024,952. Ju Ji Zhe 2,0h,,0.0,0
952,Action,2024,953. Shri Swapankumarer Badami Hyenar Kobole,2h 26m,,5.6,331000
953,Action,2024,954. Sooriya Sulanga,0h,,0.0,0
954,Action,2024,955. Rescue on One's Own,0h,,0.0,0
955,Action,2024,956. Opasni shmatki,1h 32m,,5.3,35000
956,Action,2024,957. Memphganistan,1h 51m,,0.0,0
957,Action,2024,958. Lakeside's Mission: Impossible,0h,,0.0,0
958,Action,2024,959. Young Ronin II,0h,,0.0,0
959,Action,2024,960. 'Descontrol',0h,,0.0,0
960,Action,2024,961. Pedro Marquez Y la Ines Una Pareja Implacable Los de la Camioneta Gris,1h 25m,,0.0,0
961,Action,2024,962. Inherited,1h 16m,,9.5,21000
962,Action,2024,963. Cholay,1h,12A,8.6,97000
963,Action,2024,964. Gintama on Theater 2D: Kintama-hen,1h 37m,,0.0,0
964,Action,2024,965. Once Upon a Time in Asia,1h 9m,,0.0,0
965,Action,2024,966. 1980 Lo Radhekrishna,0h,,8.3,1200
966,Action,2024,967. Jimmy's Friends,1h 34m,,7.1,14000
967,Action,2024,968. The Hit Boys,0h,,0.0,0
968,Action,2024,969. The Die Hard,0h,,0.0,0
969,Action,2024,970. Under the Hood,1h 3m,,0.0,0
970,Action,2024,971. Mega Star Fan,2h 18m,,0.0,0
971,Action,2024,972. Jisu bosha,1h 27m,,6.8,52000
972,Action,2024,973. Youn'G,0h,,8.9,50000
973,Action,2024,974. No Negotiations,0h,,0.0,0
974,Action,2024,975. Rackades,0h,,0.0,0
975,Action,2024,976. Duelo De Capos,1h 23m,,6.3,40000
976,Action,2024,977. The Pie Man,0h,,9.4,5000
977,Action,2024,978. Algo de Valor,1h 30m,,0.0,0
978,Action,2024,979. The Delegator,1h 36m,Not Rated,4.1,17000
979,Action,2024,980. Sacrum Vindictae II,1h 54m,,4.8,13000
980,Action,2024,981. Night Haul,2h 40m,,0.0,0
981,Action,2024,982. Jurassic Island,1h 35m,,7.7,53000
982,Action,2024,983. Skiptrace,1h 20m,,0.0,0
983,Action,2024,984. Day of the Wicked,1h 37m,,0.0,0
984,Action,2024,985. Gally Gang Stars,2h 37m,,9.0,2000
985,Action,2024,986. El Cartel De Teresa,1h 36m,,8.2,10000
986,Action,2024,987. Act of Violence,1h 30m,,0.0,0
987,Action,2024,988. The Prey,1h 19m,,0.0,0
988,Action,2024,989. Riddle of the Shadow Lotus,1h 32m,,6.3,54000
989,Action,2024,"990. Bullets, Brothers and Blood",1h 25m,,7.8,15000
990,Action,2024,991. Lie Du,1h 47m,,2.5,7000
991,Action,2024,992. The Guardian,0h,,0.0,0
992,Action,2024,993. The Butcher's Soul,1h 27m,,0.0,0
993,Action,2024,994. Target Jeremy,0h,,0.0,0
994,Action,2024,995. Ohsama Sentai King-Ohger vs. Donbrothers,26m,,6.7,39000
995,Action,2024,996. Hocus Focus,1h 25m,,7.9,20000
996,Action,2024,997. Caught in A Trapp,1h 30m,,0.0,0
997,Action,2024,998. Samurai Detective Onihei: Dangerous Mercy,0h,,0.0,0
998,Action,2024,999. El Junior Del Patron,1h 32m,,7.1,15000
999,Action,2024,1000. Sathyam,2h 14m,,7.3,10000
1000,Action,2024,1001. Be a Human,0h,,0.0,0
1001,Action,2024,1002. Tatkshan,0h,,8.4,22000
1002,Action,2024,1003. Macho Man 3,0h,,6.2,15000
1003,Action,2024,1004. Be Forever Yamato: Rebel 3199: Part 1: Dark Invasion,50m,,7.5,11000
1004,Action,2024,1005. Mahserin Üç Delisi,1h 18m,,5.9,16000
1005,Action,2024,1006. Skhvatka,1h 47m,,5.2,23000
1006,Action,2024,1007. L.A. Minute,R,,0.0,0
1007,Action,2024,1008. Caceria Implacable: Misión En La Selva,1h 30m,,0.0,0
1008,Action,2024,1009. Xiang Xi Gui Shi,1h 12m,,0.0,0
1009,Action,2024,1010. The Shadow of a King,1h 27m,,0.0,0
1010,Action,2024,1011. Die Geval van Gideon,51m,,0.0,0
1011,Action,2024,1012. Crack: Back in Da Hood,0h,,8.6,14000
1012,Action,2024,1013. The Mirage,1h 46m,,8.9,10000
1013,Action,2024,1014. Bloodlust,1h 37m,,7.8,13000
1014,Action,2024,1015. Happy Dragons,1h 37m,,4.9,9000
1015,Action,2024,1016. Angels' Fire,0h,,0.0,0
1016,Action,2024,1017. Dragon Gate Inn,1h 30m,,0.0,0
1017,Action,2024,1018. SMB-plush presents trick or death,2h,,8.0,17000
1018,Action,2024,1019. The Birth,0h,,0.0,0
1019,Action,2024,1020. Plots of the preying eyes,1m,R,0.0,0
1020,Action,2024,"1021. La Protegida, La Película",1h 7m,,9.2,16000
1021,Action,2024,1022. Runnin' from Wolves,2h 13m,,7.2,10000
1022,Action,2024,1023. Atu Nuvve Itu Nuvve,2h 3m,,6.5,12000
1023,Action,2024,1024. Furious Fast Atlanta,1h 36m,,0.0,0
1024,Action,2024,1025. Cicatrici,0h,,0.0,0
1025,Action,2024,1026. Karate Cops,0h,,0.0,0
1026,Action,2024,1027. Ruslaan,0h,,0.0,0
1027,Action,2024,1028. Into the Unknown,0h,,0.0,0
1028,Action,2024,1029. Bharkhama,0h,,4.7,19000
1029,Action,2024,1030. A New Dawn,1h,,0.0,0
1030,Action,2024,1031. Tranquility: Ghost Stories,1h 28m,TV-14,7.6,53000
1031,Action,2024,1032. The Deal,2h 10m,,8.9,28000
1032,Action,2024,1033. La Piñata de Marcel,0h,,9.3,11000
1033,Action,2024,1034. Out of the Shadow,1h 29m,,6.5,7000
1034,Action,2024,1035. Point of the Pen,0h,,0.0,0
1035,Action,2024,1036. Run! Die! Kill!,0h,,0.0,0
1036,Action,2024,1037. Project Block,1h 6m,,0.0,0
1037,Action,2024,1038. Unseen,1h 7m,,0.0,0
1038,Action,2024,1039. Sathaan,0h,,0.0,0
1039,Action,2024,1040. Battle for Glory,0h,,0.0,0
1040,Action,2024,1041. Badsha - The King,0h,,0.0,0
1041,Action,2024,1042. Isle: Alpha One,1h 37m,,8.7,8000
1042,Action,2024,1043. Guide,1h 30m,,0.0,0
1043,Action,2024,1044. There's Something About Knuckles Saga,46m,,0.0,0
1044,Action,2024,1045. The Lines Between,1h,,0.0,0
1045,Action,2024,1046. Robbin' Hoods,0h,,0.0,0
1046,Action,2024,1047. War with the Evil,1h 25m,,6.2,53000
1047,Action,2024,1048. Tryeza e zezë,0h,,0.0,0
1048,Action,2024,1049. Las Viudas del Capo 2,0h,,0.0,0
1049,Action,2024,1050. Minecraft 3,0h,,0.0,0
1050,Action,2024,1051. The Dark Face,0h,,0.0,0
1051,Action,2024,1052. Boiling Point,0h,,0.0,0
1052,Action,2024,1053. Run Downtown,0h,,0.0,0
1053,Action,2024,1054. Dark Forest,0h,,0.0,0
1054,Action,2024,1055. Jiwa 8 Belas,1h 26m,,5.0,19000
1055,Action,2024,1056. Iron Lady Sniper,1h 12m,,0.0,0
1056,Action,2024,1057. The Lost Man,1h 30m,,0.0,0
1057,Action,2024,"1058. Destination: Hollywood, California",0h,,0.0,0
1058,Action,2024,1059. The Brokenhearted,0h,,7.3,34000
1059,Action,2024,1060. Urban Vengeance,1h 19m,Not Rated,5.4,15000
1060,Action,2024,1061. Wrong Number,0h,,0.0,0
1061,Action,2024,1062. Art of War,0h,,0.0,0
1062,Action,2024,1063. EP Break the Multiverse,1h 16m,,0.0,0
1063,Action,2024,1064. Enimey Nangadha Head Lines,0h,,0.0,0
1064,Action,2024,1065. Action of Intelligenagency,1h 25m,,6.7,52000
1065,Action,2024,1066. No Man Standing,1h 33m,,8.6,12000
1066,Action,2024,1067. Neighborhood War: The Movie,1h 15m,TV-MA,0.0,0
1067,Action,2024,1068. Nasha Jurm Aur Gangsters,2h 17m,Not Rated,6.8,2800
1068,Action,2024,1069. Empire of Shadows,1h 32m,,0.0,0
1069,Action,2024,1070. Spearphishing 4,0h,,0.0,0
1070,Action,2024,1071. Elderly Expendables Team,1h 30m,,0.0,0
1071,Action,2024,1072. Raghu Ram,0h,,0.0,0
1072,Action,2024,1073. Died Doin Dirty Work,0h,,0.0,0
1073,Action,2024,1074. Saazish,1h 30m,,0.0,0
1074,Action,2024,1075. Dunia,2h,,0.0,0
1075,Action,2024,1076. A Hero is Born,1h 55m,,0.0,0
1076,Action,2024,1077. Mafia,0h,,0.0,0
1077,Action,2024,1078. Irmãos de Sangue,1h 10m,,0.0,0
1078,Action,2024,1079. Carjorski Clan: Tale of the Fallen Knight,0h,,0.0,0
1079,Action,2024,1080. Mandya Haida,2h 19m,,6.3,231000
1080,Action,2024,"1081. The Triangulation of Olga, Miyoko & Latoiya",1h 35m,,0.0,0
1081,Action,2024,1082. Cubic,0h,,0.0,0
1082,Action,2024,1083. Fatal Encounter: Emergence of Talents,0h,,0.0,0
1083,Action,2024,1084. La Venganza de Karim: La Venganza del Campero 2,0h,,0.0,0
1084,Action,2024,1085. The Siege: Archangel One,0h,,0.0,0
1085,Action,2024,1086. American Paradise,1h 50m,,0.0,0
1086,Action,2024,1087. Avengers,0h,,0.0,0
1087,Action,2024,1088. Kek 2,1h 38m,,0.0,0
1088,Action,2024,1089. Love & Crime,0h,,0.0,0
1089,Action,2024,1090. Soleil de plomb,50m,,0.0,0
1090,Action,2024,1091. Deserved It,0h,,0.0,0
1091,Action,2024,1092. The Puffins: Arctic Games,0h,,0.0,0
1092,Action,2024,1093. Full Clip for a Snitch,1h 15m,,3.6,19000
1093,Action,2024,1094. Heart of War Moment,1h 28m,,0.0,0
1094,Action,2024,1095. No such thing as loyalty 4,0h,,8.6,26000
1095,Action,2024,1096. Envidia la Película,0h,,0.0,0
1096,Action,2024,1097. The Enigma of Arrival,1h 25m,,0.0,0
1097,Action,2024,1098. Rooban,2h 5m,,6.5,277000
1098,Action,2024,1099. Bambara Wasanthe,1h 41m,,0.0,0
1099,Action,2024,1100. Three Old Captors,1h 34m,,7.0,50000
1100,Action,2024,1101. Wild Journey,1h 35m,,0.0,0
1101,Action,2024,1102. The Film Café,0h,,0.0,0
1102,Action,2024,1103. Los Hijos De Camelia y Emilio,1h 22m,,6.6,39000
1103,Action,2024,1104. The Authority,0h,,0.0,0
1104,Action,2024,1105. Pithala Maathi,2h 20m,,7.5,845000
1105,Action,2024,1106. They're Here,1h 14m,,7.4,7000
1106,Action,2024,1107. Cacophony the Animated Movie,1h 21m,16+,0.0,0
1107,Action,2024,1108. Uncanny Alley: A New Day,1h,,0.0,0
1108,Action,2024,1109. Pueblo En Llamas,1h 22m,,0.0,0
1109,Action,2024,1110. Wolf Game,1h 38m,,0.0,0
1110,Action,2024,1111. Mafia Wars,1h 35m,,0.0,0
1111,Action,2024,1112. Ekpebiwo m (I have Decided),0h,,0.0,0
1112,Action,2024,1113. The Captive,1h 14m,,6.9,61000
1113,Action,2024,1114. Voltage,0h,,0.0,0
1114,Action,2024,1115. Our Guys. Afghan,1h 54m,,0.0,0
1115,Action,2024,1116. The Lost Colony,0h,,0.0,0
1116,Action,2024,1117. Piri Reis: The Incredible Chart,2h 18m,,7.0,27000
1117,Action,2024,1118. Faster: Only one lap,1h 30m,,6.9,24000
1118,Action,2024,1119. Jefa De Jefas,1h 22m,,8.4,10000
1119,Action,2024,1120. Joni pata de conejo,0h,,4.2,29000
1120,Action,2024,1121. Las Hermanas Del Cartel,1h 31m,,8.5,6000
1121,Action,2024,1122. 2000s: Bad Fellas,0h,,0.0,0
1122,Action,2024,1123. Revólver,1h 30m,,0.0,0
1123,Action,2024,1124. Klaantha,1h 47m,,6.0,519000
1124,Action,2024,1125. Villain,0h,,7.9,8000
1125,Action,2024,1126. Street Crimes Unit,1h 26m,,0.0,0
1126,Action,2024,1127. Jewish Revenge 6: Gaza in Focus,0h,,6.0,27000
1127,Action,2024,1128. Passazhiry,1h 20m,,4.4,33000
1128,Action,2024,1129. Sesh Bazi,2h 12m,,6.2,10000
1129,Action,2024,1130. 7 Melek,0h,,0.0,0
1130,Action,2024,1131. Yamadheera,0h,,0.0,0
1131,Action,2024,1132. Sicarius,13+,,0.0,0
1132,Action,2024,1133. The Pursuit on the Cold River,0h,,7.6,54000
1133,Action,2024,1134. The Dragon's Tomb,1h 17m,,6.8,52000
1134,Action,2024,1135. Luna de Hiel,1h 23m,,6.0,30000
1135,Action,2024,1136. Raja 420,1h 21m,,6.3,22000
1136,Action,2024,1137. Da Tu Wei,1h 50m,,0.0,0
1137,Action,2024,1138. Downgraded Citizen,1h 21m,,0.0,0
1138,Action,2024,1139. S.N.S.O.B - Supernatural Squad of Badasses Part 1,0h,,0.0,0
1139,Action,2024,1140. The Clause,45m,,0.0,0
1140,Action,2024,1141. Be Forever Yamato: Rebel 3199: Part 2: The Assault of the Burning Sun,1h 37m,,0.0,0
1141,Action,2024,1142. Isabella: Diary of A Foster Girl,1h 50m,,0.0,0
1142,Action,2024,1143. Whispers of the Imperial City,1h 30m,,6.8,53000
1143,Action,2024,1144. Xiao zi,1h 41m,,3.5,12000
1144,Action,2024,1145. My Hero El Santo,1h 27m,,0.0,0
1145,Action,2024,1146. Black Gold,1h 17m,Not Rated,0.0,0
1146,Action,2024,1147. She's God: The Book of Eden,0h,,0.0,0
1147,Action,2024,1148. Jake Muller Adventures: Blood,2h 16m,,0.0,0
1148,Action,2024,1149. The Jade Fragrance Secret,0h,,7.1,55000
1149,Action,2024,1150. Krapiva: Tsvetok smerti,1h 21m,16+,6.1,56000
1150,Action,2024,1151. Detective Xu Yougong,0h,,6.6,53000
1151,Action,2024,1152. Nothing Unusual,1h 32m,,8.8,13000
1152,Action,2024,1153. Ghost Town,0h,,0.0,0
1153,Action,2024,1154. Coming to Nigeria,0h,,0.0,0
1154,Action,2024,1155. Unglorified,1h 7m,,0.0,0
1155,Action,2024,1156. Bélico,1h 35m,,0.0,0
1156,Action,2024,1157. Poison Hunting Operation,1h 31m,,0.0,0
1157,Action,2024,1158. Love Inside the Drug Game,1h 12m,,0.0,0
1158,Action,2024,1159. Ryding Durty 2,1h 30m,,0.0,0
1159,Action,2024,1160. The Overseas Killer,1h 44m,,6.4,52000
1160,Action,2024,1161. Janna Endoro,2h,,8.1,15000
1161,Action,2024,1162. Lealtad o Morir,1h 27m,,8.4,10000
1162,Action,2024,1163. Give Me Babies,23m,,6.7,6000
1163,Action,2024,"1164. Bernadotte, Louise & Napoleon",1h 14m,,0.0,0
1164,Action,2024,1165. Ellos se Creían Muy Gallos,0h,,0.0,0
1165,Action,2024,1166. Aquila,15,,0.0,0
1166,Action,2024,1167. Crossing Paths 2: No Way Out,2h,,0.0,0
1167,Action,2024,1168. Phantom and Percepter,0h,,0.0,0
1168,Action,2024,1169. Exipsosi,0h,,0.0,0
1169,Action,2024,1170. Taxi Bied 2,1h 40m,,0.0,0
1170,Action,2024,1171. Satyam Shivam,2h 2m,,0.0,0
1171,Action,2024,1172. The Lion Dog,2h 2m,13+,0.0,0
1172,Action,2024,1173. Capricorn,0h,,0.0,0
1173,Action,2024,1174. Governor's Plea,1h 7m,13+,0.0,0
1174,Action,2024,1175. Fixed Boxer,0h,,0.0,0
1175,Action,2024,1176. Drunken Swordsman,1h 31m,,6.8,51000
1176,Action,2024,1177. Bush Knife,1h 30m,,7.0,8000
1177,Action,2024,1178. Bloods of Glasgow,51m,18,8.2,5000
1178,Action,2024,1179. Ba Jie: Tian Peng Xiajie,0h,,0.0,0
1179,Action,2024,1180. Je Suis Auto,0h,,0.0,0
1180,Action,2024,"1181. War, Royal and Family/Impi Yobukhosi No Sapho",1h 23m,,0.0,0
1181,Action,2024,1182. The Perfect Side Order,0h,,0.0,0
1182,Action,2024,1183. Zakhvat,1h 11m,,0.0,0
1183,Action,2024,1184. My Super Heroine,1h 33m,,0.0,0
1184,Action,2024,1185. The Expendables,0h,,0.0,0
1185,Action,2024,1186. Jurassic Juggernauts,0h,,0.0,0
1186,Action,2024,1187. Justice,1h 45m,,0.0,0
1187,Action,2024,1188. The One and Only: Spider-Man,2h,PG,0.0,0
1188,Action,2024,1189. Gintama the Movie 2D: Courtesan of the Nation Arc,1h 49m,,8.0,9000
1189,Action,2024,1190. Point 40,0h,,6.1,12000
1190,Action,2024,1191. Bad Ass Sista,1h 20m,,6.4,10000
1191,Action,2024,1192. Spy Hunter 97,1h 21m,,0.0,0
1192,Action,2024,1193. Rise of the Robo-Puffin,Not Rated,,0.0,0
1193,Action,2024,1194. Pikmin Forever,0h,,0.0,0
1194,Action,2024,1195. Toughen Up,0h,,0.0,0
1195,Action,2024,1196. Axel Falcon,1h 31m,,0.0,0
1196,Action,2024,1197. Tumba Para Dos Hermanos,1h 31m,,0.0,0
1197,Action,2024,1198. I am the girl 4 my Student and my Agony,0h,,0.0,0
1198,Action,2024,1199. Blue Alliance,1h 14m,,0.0,0
1199,Action,0,1200. The Killer,0h,,0.0,0
1200,Action,2024,1201. Kyle and the Last Emerald 2,15m,TV-PG,8.4,9000
1201,Action,2024,1202. The 9th Raider,1h 45m,,0.0,0
1202,Action,2024,1203. Tres hermanos de sangre,1h 32m,,0.0,0
1203,Action,2024,1204. Boyz,2h 12m,,0.0,0
1204,Action,2024,1205. La Caida Del Mayo Zambada,1h 15m,,0.0,0
1205,Action,2024,1206. Cash and Stack: Urban Assassins,Unrated,,0.0,0
1206,Action,2024,1207. Manomani,0h,,0.0,0
1207,Action,2024,1208. Antique Strategy in the Battle of Longbi,1h 30m,,0.0,0
1208,Action,2024,1209. El Ultimo Cartel,0h,,0.0,0
1209,Action,2024,1210. The New Norm,50m,,0.0,0
1210,Action,2024,1211. Operation Baraat,0h,,0.0,0
1211,Action,2024,1212. The Knights Errant of an Jier,1h 26m,,7.2,54000
1212,Action,2024,1213. Partner Kannada,0h,,7.9,14000
1213,Action,2024,1214. Even the Score,0h,,5.2,17000
1214,Action,2024,1215. Killer Lee,1h 27m,,1.9,9000
1215,Action,2024,1216. Da Ming feng huo,1h 22m,,0.0,0
1216,Action,2024,1217. Two Old Fellas,1h 58m,,0.0,0
1217,Action,2024,1218. Weerya,0h,,0.0,0
1218,Action,2024,1219. Dora de Gaza,0h,,0.0,0
1219,Action,2024,1220. Sniper Elite: Nanocrisis,1h 22m,,0.0,0
1220,Action,2024,1221. Porus,0h,,0.0,0
1221,Action,2024,1222. 2032: Pako Varissuolta,1h 7m,,0.0,0
1222,Action,2024,1223. Working in the Dark,0h,,0.0,0
1223,Action,2024,1224. Iron Blood Thirteen Aunt,1h 30m,,0.0,0
1224,Action,2024,1225. The Dark Night,0h,,0.0,0
1225,Action,2024,1226. Mudakkaruthaan,0h,,0.0,0
1226,Action,2024,1227. Charles Smith - Koston Kyynel,1h 55m,,0.0,0
1227,Action,2024,1228. Boxed in,0h,,0.0,0
1228,Action,2024,1229. Ihlathi Legazi,58m,,0.0,0
1229,Action,2024,1230. Revolutionize the World,1h 18m,,7.3,54000
1230,Action,2024,1231. The Vent,3m,,8.9,15000
1231,Action,2024,1232. The Winter Prophecy,52m,,8.1,14000
1232,Action,2024,1233. Captain Superb and the Angel of Destiny,2h,,3.0,14000
1233,Action,2024,1234. Anaadha,0h,,2.3,28000
1234,Action,2024,1235. Sarkari Rozgaar,2h 20m,,0.0,0
1235,Action,2024,1236. Crime List,0h,,0.0,0
1236,Action,2024,1237. Blessed or Cursed,1h 49m,,0.0,0
1237,Action,2024,1238. Hitting Licks,1h 20m,,0.0,0
1238,Action,2024,1239. Moral Enemies,1h 31m,,0.0,0
1239,Action,2024,1240. Follow the Money Trail,0h,,0.0,0
1240,Action,2024,1241. Agent Narasimha-117,2h 24m,,0.0,0
1241,Action,2024,1242. Remand,0h,,0.0,0
1242,Action,2024,1243. Wrestling Vigilante,1h 33m,,0.0,0
1243,Action,2024,1244. Gauri Shankar ki Prem Kahani,0h,,0.0,0
1244,Action,2024,1245. The Blood of Desire,1h 42m,,0.0,0
1245,Action,2024,1246. Boroni Thwi,0h,,0.0,0
1246,Action,2024,1247. The Veyshal Movie,2h,13+,0.0,0
1247,Action,2024,1248. Deja vu A story of Redemption,55m,,0.0,0
1248,Action,2024,1249. Terror Muda in Courier Justice,0h,,0.0,0
1249,Action,2024,1250. Operación Vraem,1h 30m,,0.0,0
1250,Action,2024,1251. Um Tempo de Todos,2h 12m,,0.0,0
1251,Action,2024,1252. Simhadwani,2h 12m,,0.0,0
1252,Action,2024,1253. La Ley de mi Raza,1h 23m,,0.0,0
1253,Action,2024,1254. Cordélicos,1h 8m,,0.0,0
1254,Action,2024,1255. El Secreto del Pueblo,1h 25m,,0.0,0
1255,Action,2024,1256. Paraagan,0h,,0.0,0
1256,Action,2024,1257. Khudai,0h,,0.0,0
1257,Action,2024,1258. The Zodian Gemini,0h,,0.0,0
1258,Action,2024,1259. The Making of Case Files,4h,15,0.0,0
1259,Action,2024,1260. Into Darkness,0h,,0.0,0
1260,Action,2024,1261. Big Jon,0h,,0.0,0
1261,Action,2024,1262. Back for Life,1h,,0.0,0
1262,Action,2024,1263. For the Glory,0h,,6.6,52000
1263,Action,2024,1264. Neon Girls,0h,,7.6,32000
1264,Action,2024,1265. Spider-Man: Dimension Rift,2h 7m,,8.4,14000
1265,Action,2024,1266. Sehnsucht nach Firdaws,1h 43m,,8.7,7000
1266,Action,2024,1267. Zen Fist,45m,15,7.2,9000
1267,Action,2024,1268. Bring Back the Colour,47m,,6.4,8000
1268,Action,2024,1269. Oda: Vlucht door de Eeuwen,0h,,6.4,7000
1269,Action,2024,1270. Pran Preet Na Bandhiya Bandhan,0h,,0.0,0
1270,Action,2024,1271. Five Nights at Freddy's Minecraft Roleplay Movie,1h 24m,,0.0,0
1271,Action,2024,1272. Twisted America,49m,13+,0.0,0
1272,Action,2024,1273. Shadow Jm,18+,,0.0,0
1273,Action,2024,1274. Tian Keng Ying Lie,0h,,0.0,0
1274,Action,2024,1275. The Incredible 7,0h,,0.0,0
1275,Action,2024,1276. Dink Legacy,1h 45m,,0.0,0
1276,Action,2024,1277. Last.,0h,,0.0,0
1277,Action,2024,1278. Fred van Bommel: The Movie,47m,,0.0,0
1278,Action,2024,1279. Sounds Like A Great Project!,1h 15m,,0.0,0
1279,Action,2024,1280. Kigorogoro,0h,,0.0,0
1280,Action,2024,1281. Drug Hunting,1h 17m,,0.0,0
1281,Action,2024,1282. SPG,0h,,0.0,0
1282,Action,2024,1283. Mu,1h 6m,,0.0,0
1283,Action,2024,1284. One More Inch,0h,,0.0,0
1284,Action,2024,1285. Rupaiya : The Conclusion,45m,18+,0.0,0
1285,Action,2024,1286. Whispers of Betrayal: The Drug Underworld,1h 25m,,0.0,0
1286,Action,2024,1287. I am the girl 3 me and my girlfriend,0h,,0.0,0
1287,Action,2024,1288. XIV,1h 32m,,0.0,0
1288,Action,2024,1289. Come for Me,1h 24m,,0.0,0
1289,Action,2024,1290. Outcome,51m,15,0.0,0
1290,Action,2024,1291. Ruthless,1h 17m,,0.0,0
1291,Action,2024,1292. Angel Vision,2h 3m,,0.0,0
1292,Action,2024,1293. April Mayhem,0h,,0.0,0
1293,Action,2024,1294. La Emisaria de la Muerte: A quema Ropa,0h,,0.0,0
1294,Action,2024,1295. Princess of the Trap House,1h 20m,,0.0,0
1295,Action,2024,1296. Mouse Tales Movie 2,1h,,0.0,0
1296,Action,2024,1297. The Ties That Bind,0h,,0.0,0
1297,Action,2024,1298. Captain Toad and the Mystery Mine,1h 17m,,0.0,0
1298,Action,2024,1299. Orea Peachu Orea Mudivu,0h,,0.0,0
1299,Action,2024,1300. Operation White Elephant,45m,,0.0,0
1300,Action,2024,1301. Yuddha - The warrior of life,0h,,0.0,0
1301,Action,2024,1302. Stories for the Mind,49m,,0.0,0
1302,Action,2024,1303. Angry Birds Star Wars Rebels,2h,TV-14,0.0,0
1303,Action,2024,1304. Shriyut Non Maharashtrian,1h 48m,,0.0,0
1304,Action,2024,1305. Gadha17,1h 30m,,8.0,12000
1305,Action,2024,1306. PW V: Tears of the Fallen,1h,13+,8.2,11000
1306,Action,2024,1307. Siete Vidas - El Levanton,45m,,9.6,5000
1307,Action,2024,1308. SITV Presents: Tabsentia,1h 20m,15,0.0,0
1308,Action,2024,1309. Floresta de Pedra,1h 40m,,0.0,0
1309,Action,2024,1310. Gigawatt: Rise of the Fallen,1h 52m,,0.0,0
1310,Action,2024,1311. The Javier Movie -The End is Near-,59m,,0.0,0
1311,Action,2024,1312. Migrant Harvester,2h 3m,,0.0,0
1312,Action,2024,1313. Ji su zu ji,1h 44m,,0.0,0
1313,Action,2024,1314. El Otro Joaquín,0h,,0.0,0
1314,Action,2024,1315. Vangala Viriguda,0h,,0.0,0
1315,Action,2024,1316. Some Deep-Fried Trouble,48m,,0.0,0
1316,Action,2024,1317. The Girls,0h,,0.0,0
1317,Action,2024,1318. Desi Fantom (Punjabi),0h,,0.0,0
1318,Action,2024,1319. Maklo,0h,,0.0,0
1319,Action,2024,1320. Battle Legends: The Legend of Battle Master,1h 24m,,0.0,0
1320,Action,2024,1321. Full Throttle 2,0h,,0.0,0
1321,Action,2024,1322. Third Street,48m,,0.0,0
1322,Action,2024,1323. Rawayan,2h,,0.0,0
1323,Action,2024,1324. Pimpin Aint Dead Movie,Not Rated,,0.0,0
1324,Action,2024,1325. S.N.S.O.B - Supernatural Squad of Badasses Part 2,0h,,0.0,0
1325,Action,2024,1326. Mountains in the water,0h,,0.0,0
1326,Action,2024,1327. Initiation,0h,,0.0,0
1327,Action,2024,1328. Weird Typhoon,1h 13m,,0.0,0
1328,Action,2024,1329. Torch Jamaica Drug Lord,2h 26m,,0.0,0
1329,Action,2024,1330. V pogone za kamnem,1h 35m,,0.0,0
1330,Action,2024,1331. Proyecto Fantasma,2h,,0.0,0
1331,Action,2024,1332. Amphibia: Endgame,1h 24m,TV-14,0.0,0
1332,Action,2024,1333. O fugitivo o grande assalto - Parte 2,57m,,0.0,0
1333,Action,2024,1334. Vakoojakoulun Varamiehet,48m,,0.0,0
1334,Action,2024,1335. The End of Roblox City,2h 44m,15,0.0,0
1335,Action,2024,1336. The Dragon's Claw,1h 28m,,0.0,0
1336,Action,2024,1337. Ace's Wilde III,0h,,0.0,0
1337,Action,2024,1338. Sin,0h,,0.0,0
1338,Action,2024,1339. Half Moon Bay,1h 10m,,0.0,0
1339,Action,2024,1340. Sharp Instinct: Volume II,1h 53m,,0.0,0
1340,Action,2024,1341. The Road to OVC Champions,1h 2m,Not Rated,0.0,0
1341,Action,2024,1342. Bob & Milo,54m,,0.0,0
1342,Action,2024,1343. Messpsycho Evil,0h,,0.0,0
1343,Action,2024,1344. Time and Space Redemption,1h 26m,,0.0,0
1344,Action,2024,1345. The Embers of Domsheria,1h 35m,,0.0,0
1345,Action,2024,1346. The Carvzear,0h,,0.0,0
1346,Action,2024,1347. The Lonely Warrior,0h,,0.0,0
1347,Action,2024,1348. Blindspot Jersey Side Pictures,1h 15m,,0.0,0
1348,Action,2024,1349. Mohabbat Gandageri Shwa,0h,,0.0,0
1349,Action,2024,1350. The Castastics: Rise of the Castastic Killer,1h 1m,,0.0,0
1350,Action,2024,1351. Aaj Ke Belagam Naujawan,0h,,0.0,0
1351,Action,2024,1352. Soy creativa,3h,,0.0,0
1352,Action,2024,1353. La Venganza De Una Madre,46m,,0.0,0
1353,Action,2024,1354. Men of the Century (Hook or Crook),0h,,0.0,0
1354,Action,2024,1355. A Dance of Hopper,1h 27m,,0.0,0
1355,Action,2024,1356. Sidequest!,1h 20m,,0.0,0
1356,Action,2024,1357. The Plush Series Movie 2 REMASTERED,43m,,0.0,0
1357,Action,2024,1358. Pikmin Destruction,1h 35m,,0.0,0
1358,Action,2024,1359. The Castastics 2: Rise of the Castastic Killer,1h 1m,,0.0,0
1359,Action,2024,1360. Spin War,1h 44m,,0.0,0
1360,Action,2024,1361. Tal Matal,0h,,0.0,0
1361,Action,2024,1362. 3rd Street,48m,,0.0,0
1362,Action,2024,1363. Attack Jiajin Mountain,1h 36m,,0.0,0
1363,Action,2024,1364. Distorção Do Universo 2,2h 25m,,0.0,0
1364,Action,2024,1365. Downgraded Citizen,1h 21m,Not Rated,0.0,0
1365,Action,2024,1366. The Amazing Nate,0h,,0.0,0
1366,Action,2024,1367. The multiverse arc,1h 22m,TV-14,0.0,0
1367,Action,2024,1368. Premanidhi Part 2,0h,,0.0,0
1368,Action,2024,1369. Five Nights at TK's: The Curse of TK,1h,,0.0,0
1369,Action,2024,1370. RUPAIYA : THE CONCLUSION CHAPTER 2,0h,,0.0,0
1370,Action,2024,1371. Espumas ao Vento,0h,,0.0,0
1371,Action,2024,1372. NJPW SMP: The Movie,50m,,0.0,0
1372,Action,2024,1373. Peer pressure,0h,,0.0,0
1373,Action,2024,1374. Verge of Deception,0h,,0.0,0
1374,Action,2024,1375. The Brofessors Return,1h 18m,Approved,0.0,0
1375,Action,2024,1376. Qalat,0h,,0.0,0
1376,Action,2024,1377. The Club III,52m,,0.0,0
1377,Action,2024,1378. Sin reglas... combate a muerte,1h 1m,,0.0,0
1378,Action,2024,1379. Di Ren Jie Zhi Tian Gong Shen Lou,0h,,0.0,0
1379,Action,2024,"1380. Please, Don't Sue Me",0h,,0.0,0
1380,Action,2024,1381. Sonic Light Speed,50m,,0.0,0
1381,Action,2024,1382. Taxi Bosses,1h 50m,,0.0,0
1382,Action,2024,"1383. Mateo, el origen",0h,,0.0,0
1383,Action,2024,1384. Divine Hunter,0h,,0.0,0
1384,Action,2024,1385. Banana Shotgun,1h 46m,,9.7,6000
